name,company,director,genre,id
Elvira: Mistress of the Dark,NBC Productions,James Signorelli,Comedy,05n8G0gNsHQCLFSEHFM6
The Texas Chainsaw Massacre 2,Cannon Films,Tobe Hooper,Comedy,07Qaa1B9ajpGI7H68QRe
La Bamba,Columbia Pictures Corporation,Luis Valdez,Biography,0AAk1ROg4KotQvm7nvp4
Fire Birds,Nova International Films,David Green,Action,0D2jC5DtfswkbXWMlpSx
Kickboxer,Kings Road Entertainment,Mark DiSalle,Action,0DknIAOgpyjiUlz0x9oa
Sacrifice,Svenska Filminstitutet (SFI),Andrei Tarkovsky,Drama,0IDlZYaR07uFYDtxmBXo
The Seventh Sign,TriStar Pictures,Carl Schultz,Drama,0IM0RHeoyGwGnJHfFUP3
The Rosary Murders,First Take,Fred Walton,Crime,0IczH8klIuqfSY6goQXf
Born on the Fourth of July,Ixtlan,Oliver Stone,Biography,0M0GiLWbjWYAeIruQuS0
Eliminators,Empire Pictures,Peter Manoogian,Action,0S6ylDfWXS5SuiSRnrX1
The Running Man,Braveworld Productions,Paul Michael Glaser,Action,0XUD9lMivNK6jQx5lg75
That's Life!,Blake Edwards,Blake Edwards,Comedy,0Yznhi7wtdgwneoC4dD7
Iron Eagle II,Carolco Pictures,Sidney J. Furie,Action,0ZbfF3fKZED4SAjLQ0zw
Batman,Warner Bros.,Tim Burton,Action,0cuJpssxzW68Ahrkp1nZ
Poltergeist III,Metro-Goldwyn-Mayer (MGM),Gary Sherman,Horror,0dzBgtSnQqXT9rgNKhDK
Ghost,Paramount Pictures,Jerry Zucker,Drama,0eGJlPLhoLA67NAeIt8O
Pelle the Conqueror,Per Holst Filmproduktion,Bille August,Drama,0iBofptL9ZUqORhXwrrf
She's Gotta Have It,40 Acres & A Mule Filmworks,Spike Lee,Comedy,0iOjz4htEhJgkiqI6a0m
Blind Date,TriStar Pictures,Blake Edwards,Comedy,0ilaHTgtO8bqhrAIJQxg
Native Son,American Playhouse,Jerrold Freedman,Drama,0pSRrrmYKjuqtUZiSkxW
The Boy Who Could Fly,Lorimar Productions,Nick Castle,Drama,13kYhTXvrBBHkGH9YnuH
The Fly,SLM Production Group,David Cronenberg,Drama,15f3Fd0CbAg8WjLhuKU5
Romero,Paulist Pictures,John Duigan,Biography,18nghpZj2ppkgAg5UbgS
Personal Services,British Screen Productions,Terry Jones,Comedy,1FkriBAuqATkvA3KUuKO
The Glass Menagerie,Cineplex-Odeon Films,Paul Newman,Drama,1GxE8YxrY5TSNOT86gcE
The Deceivers,Merchant Ivory Productions,Nicholas Meyer,Adventure,1HI0qGOr7YCcNrxgMo8F
Miles from Home,Braveworld Productions,Gary Sinise,Action,1Hbhsu9A9RhlOBIQ6clW
Little Dorrit,Sands,Christine Edzard,Drama,1LFNqgociN33rIKE20C3
Let It Ride,Paramount Pictures,Joe Pytka,Comedy,1MGqGh03rdW0ooZHrRL5
Luces de una gran ciudad,United Artists,James Bridges,Drama,1NrCuiCGnagdBkS2WOlU
Paperhouse,Working Title Films,Bernard Rose,Drama,1ROBmJvyriMyQPCD5Rhn
Pacific Heights,Morgan Creek Productions,John Schlesinger,Thriller,1RVCmoqYM1iymccjPCy3
Getting It Right,Management Company Entertainment Group (MCEG),Randal Kleiser,Comedy,1SbwThc0REIzjtxixeGk
RoboCop,Orion Pictures,Paul Verhoeven,Action,1eVtXj6e4uWbrPV7MVOo
Loverboy,Crescent Film Enterprises,Joan Micklin Silver,Comedy,1fKgyRawv4QQfuKfNO27
Dark Eyes,Excelsior Film-TV,Nikita Mikhalkov,Comedy,1jYqDXB2jIXMopcjcfyL
It Takes Two,United Artists,David Beaird,Comedy,1rvaaSoii07sMz9Ze7fq
Salome's Last Dance,Jolly Russell Productions,Ken Russell,Biography,22kfBVGgCm1hA8SCSDc7
Darkman,Renaissance Pictures,Sam Raimi,Action,246k4CBE776PX3gMWzWe
Uncle Buck,Universal Pictures,John Hughes,Comedy,25lYvA2YKZUuDoj5921f
The Blood of Heroes,Kings Road Entertainment,David Webb Peoples,Action,2BvwKhFL4SUHV7AO8ppQ
Miller's Crossing,Circle Films,Joel Coen,Crime,2CKyS8KFkXkvfN3H1ruM
Pretty Woman,Touchstone Pictures,Garry Marshall,Comedy,2GxGRKzDeF8l5d50ueTF
Weeds,De Laurentiis Entertainment Group (DEG),John D. Hancock,Drama,2JzaSCy8Ocswj1DGpVbF
Pumpkinhead,De Laurentiis Entertainment Group (DEG),Stan Winston,Fantasy,2KtdNCccvQcDBXT06vG6
Another Woman,Jack Rollins & Charles H. Joffe Productions,Woody Allen,Drama,2L18LsSDFU7FoGcIIa3o
Shag,Palace Pictures,Zelda Barron,Comedy,2LxIN44dynqQx6oQ0QUa
Funny Farm,Cornelius Productions,George Roy Hill,Comedy,2RLWZjXM9FG3rcTHkbDZ
Joe Versus the Volcano,Warner Bros.,John Patrick Shanley,Comedy,2ZNQr4R4yUIUYIZkkkMN
White Water Summer,Columbia Pictures Corporation,Jeff Bleckner,Adventure,2a2dI9zUuMaS3GBKKfDb
Nutcracker,Hyperion Pictures,Carroll Ballard,Family,2bFAOG1d4lHSgnt5IcG5
Prince of Darkness,Alive Films,John Carpenter,Horror,2dJMfLK2s0m9Nj4MZyjH
Tie Me Up! Tie Me Down!,"Deseo, El",Pedro Almodóvar,Comedy,2dtwjbmSt6LahiwcmKvp
"night, Mother",Aaron Spelling Productions,Tom Moore,Drama,2dxCxbVpLXLjJb0LyIxp
Pump Up the Volume,New Line Cinema,Allan Moyle,Comedy,2e4n276eh2yHXBzkE7KN
White of the Eye,Mrs. White's Productions,Donald Cammell,Horror,2eLkHX9wYZDDRHLTRrXD
Who's That Girl,"Guber-Peters Company, The",James Foley,Comedy,2h0j9CiVin6IGqCEQmIm
Over the Top,Cannon Group,Menahem Golan,Action,2nUcZwggRBxwBYmrfpXH
My Stepmother Is an Alien,Weintraub Entertainment Group,Richard Benjamin,Comedy,2tCYtGQrFhM8BXNII4ik
Hollywood Shuffle,Conquering Unicorn,Robert Townsend,Comedy,32JBdxrreP68jBnrfskI
Too Beautiful for You,Ciné Valse,Bertrand Blier,Comedy,32OvUMtVGVHh4gLKjF8M
Fist Fighter,Eagle Film,Frank Zuniga,Action,38c5kd9PY0BT239ZE0EQ
Duet for One,Golan-Globus Productions,Andrey Konchalovskiy,Drama,3BwzLlLQql2XhWSLczvQ
Gremlins 2: The New Batch,Warner Bros.,Joe Dante,Comedy,3IpD35ywdtU3nbAcyqKr
Indiana Jones and the Last Crusade,Paramount Pictures,Steven Spielberg,Action,3MzEolwDMXgMulKqJZgn
¡Three Amigos!,L.A. Films,John Landis,Comedy,3RT1Le3UmENSbRThqh9N
Dominick and Eugene,Orion Pictures,Robert M. Young,Drama,3Rx0rRcZhWEiMGgZZoL8
Straight to Hell,Commies From Mars Corporation,Alex Cox,Action,3Snto1wiO7B8jAQsndjE
Mac and Me,Mac and Me Joint Venture,Stewart Raffill,Adventure,3UIKHFg2ON4Evad2GEBv
Punchline,Columbia Pictures Corporation,David Seltzer,Comedy,3UbaGevJ4oKfNmJJ0Wrb
Hamburger Hill,RKO Pictures,John Irvin,Action,3Xew8rjVWkY6hHzo23a9
Ruthless People,Touchstone Pictures,Jim Abrahams,Comedy,3dKnptlZHj1EG9wN8DAW
Blue Steel,Lightning Pictures,Kathryn Bigelow,Action,3e4KqTtwWs6o3OZNxlag
Say Anything...,Gracie Films,Cameron Crowe,Comedy,3ekTIOzlD0gggW3sTjN0
The Garbage Pail Kids Movie,Atlantic Entertainment Group,Rod Amateau,Adventure,3gEQllIr9tjgXY67tRiv
The Whales of August,Nelson Entertainment,Lindsay Anderson,Drama,3gjZgZ86ho0dbuwyuyLG
The Hitcher,HBO Films,Robert Harmon,Thriller,3igSmIIfIlSJ3Q5CSCLS
Heart of Midnight,Virgin Vision,Matthew Chapman,Drama,3nP7Rb9RYqVdMRfoCeKt
Ernest Goes to Camp,Emshell Producers,John R. Cherry III,Comedy,3nvF3vj0YbbjHW6BYIIh
Some Girls,Metro-Goldwyn-Mayer (MGM),Michael Hoffman,Comedy,3v3dMKDONnO2cm1PubDW
The Unbearable Lightness of Being,The Saul Zaentz Company,Philip Kaufman,Drama,3xagH9qWsb17Dw18CtGG
Leviathan,Filmauro,George P. Cosmatos,Adventure,3xtX88NS0XBYxWHD4P2L
Cannonball Fever,Entcorp Communications,Jim Drake,Comedy,4AFp3lenrHBzAOXcadIP
Ernest Saves Christmas,Touchstone Pictures,John R. Cherry III,Comedy,4AJYLxEO7WbI4vFiueBQ
A Handful of Dust,Compact Yellowbill,Charles Sturridge,Drama,4DZrTWKO81tbCPyQ7ohM
The Two Jakes,88 Productions,Jack Nicholson,Crime,4E6h7DO430LpxWihiADJ
An Innocent Man,Interscope Communications,Peter Yates,Action,4IyV9uA1GhkzPGp6KtVv
Desperate Hours,Dino De Laurentiis Company,Michael Cimino,Action,4O4zjkTzrYPVWL7rR5aT
Malcolm,Cascade Films,Nadia Tass,Comedy,4WP0gOb0rzSq1YT3Dn5u
Allan Quatermain and the Lost City of Gold,Golan-Globus Productions,Gary Nelson,Action,4WSL0B9xONHiH4hQjdNC
The Sheltering Sky,Recorded Picture Company (RPC),Bernardo Bertolucci,Adventure,4b2VLh2UGgER6HOQUHps
"I, Madman",Trans World Entertainment (TWE),Tibor Takács,Fantasy,4jhIbmcvH02VbwC7R35T
Cadillac Man,Orion Pictures,Roger Donaldson,Comedy,4ljCH99LPkn3evZkgi1G
Wings of Desire,Road Movies Filmproduktion,Wim Wenders,Drama,50yAOEFwbLlgq92JxbuP
Cameron's Closet,Smart Egg Pictures,Armand Mastroianni,Horror,52kberJYdjFRiiHKBh95
Beetlejuice,"Geffen Company, The",Tim Burton,Comedy,5AI42rwDddxiVoHSuBaw
36 fillette,CB Films,Catherine Breillat,Romance,5BcgYEYvKxSryRFKWHft
Wired,FM Entertainment,Larry Peerce,Biography,5IzWj2efqMMhRArUCciU
Piratas,Carthago Films S.a.r.l.,Roman Polanski,Adventure,5Klt3sml6gPrQUNympIB
Lionheart,Imperial Entertainment Corporation,Sheldon Lettich,Action,5Nbsi66q0g13rzfbnSPg
Troop Beverly Hills,Fries Entertainment,Jeff Kanew,Adventure,5OGXq5ODH86cm7sfd0Q0
True Love,United Artists,Nancy Savoca,Comedy,5P0RKGP8qu37MpSs3MnP
Hunk,Marimark Productions,Lawrence Bassoff,Comedy,5XYzwed55eW2WfPgmI7s
Lady Jane,Capital Equipment Leasing,Trevor Nunn,Biography,5fhLPmbhhpsgOSjJ4i86
One Crazy Summer,A&M; Films,Savage Steve Holland,Comedy,5lmYwQxFoOKFFBg7mkcF
Wanted: Dead or Alive,New World Pictures,Gary Sherman,Action,5oAw5HOTeHB5GPaPY9Ky
Mystery Train,JVC Entertainment Networks,Jim Jarmusch,Comedy,5q4OYmHak1RaUBjzEG2L
The Unbelievable Truth,Action Features,Hal Hartley,Comedy,5tO1coSEErItwXT8vDeV
Memphis Belle,Enigma Productions,Michael Caton-Jones,Action,5vvWSnbOjhoTUupcGRya
Mermaids,Orion Pictures,Richard Benjamin,Comedy,5xebloxRthJF2cPcAD0e
River's Edge,Hemdale,Tim Hunter,Crime,5zeUAhLXZFf0BcPWxchf
Scene of the Crime,T. Films,André Téchiné,Crime,606ALtKmpQN1MifpBSVx
In the Mood,Kings Road Entertainment,Phil Alden Robinson,Comedy,61T3TrCO3gVukQBeJhSP
Three O'Clock High,Universal Pictures,Phil Joanou,Comedy,6B1gZwADvQFgO9hSyZfv
Buster,"Movie Group, The",David Green,Comedy,6OXQbTWX1N25fFSEVu0H
Drowning by Numbers,Film Four International,Peter Greenaway,Comedy,6ShMIpqe8SE6zoM0U55L
A Cry in the Dark,Cannon Entertainment,Fred Schepisi,Drama,6U35MRcT2sS9yrVNQEf8
Salsa,Golan-Globus Productions,Boaz Davidson,Romance,6ZA9wtRnPuZCcE7RHkWJ
Intervista,Aljosha,Federico Fellini,Comedy,6ce10VW2CitJw7eksCyu
Betrayed,United Artists,Costa-Gavras,Drama,6d8gOYta4UJwgpZWS4KY
Witchboard,Paragon Arts International,Kevin Tenney,Horror,6iHQdBwFkqQeTPb2G3td
Stealing Home,The Mount Company,Steven Kampmann,Drama,6k1t39zRgJgGqg1r1jTP
Like Father Like Son,Imagine Films Entertainment,Rod Daniel,Comedy,6rng78iOyUbtL848ZCxM
Mr. Destiny,Laurence Mark Productions,James Orr,Comedy,6uHRHokN39AtsE6wLDeu
Hell High,DGS Productions,Douglas Grossman,Crime,75nAd4quN5TB99O7JsDY
Blind Fury,TriStar Pictures,Phillip Noyce,Action,75p1KIArxnIT8JgaQGX9
Dangerously Close,Cannon Group,Albert Pyun,Action,77tWS0BIDnMQ0g90Il8r
Internal Affairs,Paramount Pictures,Mike Figgis,Crime,7BRXmt4Ut3jatrV8eRmB
Men at Work,Epic Productions,Emilio Estevez,Action,7G086k8BpuvsCymgNjCv
Body Slam,Hemdale,Hal Needham,Comedy,7HO2rq61U77LjcQHud9A
The Witches of Eastwick,Warner Bros.,George Miller,Comedy,7IinZNiCx1RcceclIwhB
The Navigator: A Medieval Odyssey,Arenafilm,Vincent Ward,Action,7R7gS6Tw73EqLdixtRUh
The Rescuers Down Under,Silver Screen Partners IV,Hendel Butoy,Animation,7SgqgGesi6RFNYl0dyvk
Moonstruck,Metro-Goldwyn-Mayer (MGM),Norman Jewison,Comedy,7ZJs56Ze3pJRsNc1gXfz
Working Girl,Twentieth Century Fox Film Corporation,Mike Nichols,Comedy,7elC9hPkFWkvlQDyLezJ
Big Shots,Lorimar Film Entertainment,Robert Mandel,Adventure,7fHxcRK8ohKpMvti0n4G
The Land Before Time,Universal Pictures,Don Bluth,Animation,7i8HW5JM8hcnQ9okpHz2
Licence to Kill,Danjaq,John Glen,Action,7sGG3w14c7HEsrrSpOVl
The Phantom of the Opera,21st Century Film Corporation,Dwight H. Little,Drama,7xlNXk1bGZrGlDacQJne
Camille Claudel,Les Films Christian Fechner,Bruno Nuytten,Biography,80wUbD1G8pt7TfVyw6tZ
Heart Condition,New Line Cinema,James D. Parriott,Comedy,81XdNuZKsX9Kmu8NF7SK
Beverly Hills Brats,Skouras Pictures,Jim Sotos,Comedy,8E0tQLr72jj7nwopbsRn
Manon of the Spring,DD Productions,Claude Berri,Drama,8EOHFiH6B62ovEo2BYDA
Heat,Escalante Productions,Dick Richards,Action,8EfrbMfA9l4RHURoaEfH
Truly Madly Deeply,British Broadcasting Corporation (BBC),Anthony Minghella,Comedy,8FLyYrebdnToD4CW1p3K
Cheetah,Silver Screen Partners III,Jeff Blyth,Adventure,8GcVf9I6YIjVBG2hBvG4
Vamp,Amaretto Films,Richard Wenk,Comedy,8O2GYch4GFFH8om9YrxC
Gandahar,Col.Ima.Son,René Laloux,Animation,8Q1GT8NLdMPbZmpbBxdb
Staying Together,Not specified,Lee Grant,Comedy,8QcuXzAKIKjpnmlnSEEw
How to Make Love to a Negro Without Getting Tired,Stock Films International,Jacques W. Benoit,Comedy,8RaHhPPiz09PuLIUQz67
The Rainbow,Vestron Pictures,Ken Russell,Action,8iT6AQyoIFqTuO8eO7R9
Tucker: The Man and His Dream,Lucasfilm,Francis Ford Coppola,Biography,8igSGx08IHlTwK6AUbqc
Road House,Silver Pictures,Rowdy Herrington,Action,8rP884kPOy2cwZOxJRom
Flashback,60/80 Productions,Franco Amurri,Action,8s4WaTihISYKYPFFKq8n
Presumed Innocent,Warner Bros.,Alan J. Pakula,Mystery,8wOdxZpTN2GVgNjRr29N
Just Between Friends,MTM Enterprises,Allan Burns,Drama,8wPGiaOraxImOyhwWIJZ
One More Saturday Night,AAR Films,Dennis Klein,Comedy,8x1kQvyPJghIBdilygMB
Tough Guys Don't Dance,Golan-Globus Productions,Norman Mailer,Comedy,8zACNSnYKZjRZN1KG7so
Big Trouble in Little China,Twentieth Century Fox Film Corporation,John Carpenter,Action,91cfouEZamLNpYsIIuF6
My Twentieth Century,Budapest Stúdió Vállalat,Ildikó Enyedi,Comedy,93zp0KwFo07sMYnEsZmY
Jack's Back,Cinema Group,Rowdy Herrington,Crime,95u03s71fOQlR9wrmUFs
Legal Eagles,Universal Pictures,Ivan Reitman,Comedy,97vKxCVFB8QYkJkZLJA2
Evil Dead II,De Laurentiis Entertainment Group (DEG),Sam Raimi,Comedy,9Av8yGj0184s6kcASirH
Waxwork,Vestron Pictures,Anthony Hickox,Comedy,9Bi8l1DUpIEVRqM9OBWF
The Dead,Vestron Pictures,John Huston,Drama,9EupimxXkkq0LVLINQr2
The Gospel According to Vic,Channel Four Films,Charles Gormley,Comedy,9FoCD6jx2b3omR4J7ha2
Jacknife,Kings Road Entertainment,David Hugh Jones,Drama,9M54P7FHpr7XzMlLYu1w
Club Paradise,Warner Bros.,Harold Ramis,Comedy,9PgoHyGxiVksvgypk55R
Heartburn,Paramount Pictures,Mike Nichols,Comedy,9WJMVmIC2u1G9SOj1HtC
The Milagro Beanfield War,Esparza,Robert Redford,Comedy,9YWPrZlPvlwyUvwAYTDF
Nightflyers,Vista Organization,Robert Collector,Horror,9ZzRgIYg6hKpvJOjHUAq
Fire with Fire,Paramount Pictures,Duncan Gibbins,Drama,9fCc0CIsJZuHk9WDTWHM
The Karate Kid Part II,Columbia Pictures Corporation,John G. Avildsen,Action,9got4PSLFEfS5OjYWNqm
Full Metal Jacket,Natant,Stanley Kubrick,Drama,9hGN2aQgMcZ67sSCNWjH
Ishtar,Columbia Pictures Corporation,Elaine May,Action,9i6mrvXY3RzLec50CfXo
Playing for Keeps,Miramax,Bob Weinstein,Comedy,9iOYzfERR3XAOReyRU6g
The Bear,Price,Jean-Jacques Annaud,Adventure,9kfp1AaLKLLaDoJY01MN
Platoon,Hemdale,Oliver Stone,Drama,9kqyAkSlAcCrQxIqWecB
Monkey Shines,Orion Pictures,George A. Romero,Drama,9mP8kOyR3Mi4SvGFpdA5
Almost an Angel,Ironbark Films,John Cornell,Comedy,9pAlwfhzOI0rV39Cbt4o
When the Wind Blows,Meltdown Productions,Jimmy T. Murakami,Animation,9pbSZGAmGAoFKVjDaxmE
The Money Pit,Amblin Entertainment,Richard Benjamin,Comedy,9qxwGXJmWyygQkhTqaEe
Dead Heat,Helpern / Meltzer,Mark Goldblatt,Action,9uV2TQDaNs68FdlYtlNA
The Package,Orion Pictures,Andrew Davis,Action,9wSTFqzo4jNxJdZiJdMP
8 Million Ways to Die,Producers Sales Organization (PSO),Hal Ashby,Action,A23AZIFUSLqR6jZ0Z5qr
The Princess Bride,Act III Communications,Rob Reiner,Adventure,A2BW2ZPmQ1EREz4NTXAh
Kinjite: Forbidden Subjects,Golan-Globus Productions,J. Lee Thompson,Action,A5VI77T01YF4hXD0sV3j
Housekeeping,Columbia Pictures Corporation,Bill Forsyth,Comedy,AKCb1gsyy1gv6w4b5ETv
Three Fugitives,Touchstone Pictures,Francis Veber,Action,ALUKe4Z20N2ON7V6qo2L
Night of the Demons,Blue Rider Pictures,Kevin Tenney,Comedy,AORJPLABnGC5LY1tWzgN
Cruising Bar,Les Productions Vidéofilms Ltée,Robert Ménard,Comedy,AWzd7QqhGFLzwggvCQrq
Lisa,Gary Sherman Productions,Gary Sherman,Drama,AYTBsNwpi7QUqEJHxSql
"Rita, Sue and Bob Too",British Screen Productions,Alan Clarke,Comedy,AmxSBLXrSYmVtN2EADXS
Stakeout,Touchstone Pictures,John Badham,Action,Apf3TJJphlb9yKE0FyAN
Caddyshack II,"Guber-Peters Company, The",Allan Arkush,Comedy,Api7AK2v4meu9H9ESWnw
Edge of Sanity,Allied Vision,Gérard Kikoïne,Horror,ArfRJ13zHG1QwroC5pYI
Square Dance,Island Pictures,Daniel Petrie,Drama,AyrbTmFLJXr2PWNuRgGz
Gardens of Stone,ML Delphi Premier Productions,Francis Ford Coppola,Drama,B2xcAPguY6AFHaPyzyvh
Lethal Weapon,Warner Bros.,Richard Donner,Action,BDa422xJuISsC3A5bU9d
Nadine,TriStar Pictures,Robert Benton,Comedy,BDsJfwuSh6S2MwJw4x0g
My Left Foot,Ferndale Films,Jim Sheridan,Biography,BGDP2IUJMIlLyuDBNyKZ
Miss Firecracker,Corsair Pictures,Thomas Schlamme,Comedy,BHLPOFlg8qg1KBKIRySn
Out of Bounds,Columbia Pictures Corporation,Richard Tuggle,Action,BKOHecFCM3KiisdzQKNN
UHF,Cinecorp SAC,Jay Levey,Comedy,BOplfzFFJhrZsrbPNpAI
The Longshot,Longshot,Paul Bartel,Comedy,BdTirzoLrl3nbJR0OD1h
King Kong Lives,De Laurentiis Entertainment Group (DEG),John Guillermin,Action,BhHoc0p2TgLgCd4zeIbS
Amazon Women on the Moon,Universal Pictures,Joe Dante,Comedy,BiiUHvmJ4hyKTHnEMKob
Band of the Hand,Delphi V Productions,Paul Michael Glaser,Action,BsPmdZHnqVpt4yBpFZJ3
Air America,Carolco Pictures,Roger Spottiswoode,Action,BszLZrgAadry2kQC69S3
Physical Evidence,Columbia Pictures Corporation,Michael Crichton,Crime,C3gvK0UMbM5X0DjWTBOB
Under the Cherry Moon,Warner Bros.,Prince,Comedy,C3jvLhA9GLBeD922N75F
Where the River Runs Black,CBS Entertainment Production,Christopher Cain,Adventure,C52LnwwfJaZrAm5DrOsD
Knights of the City,Grace,Dominic Orlando,Action,C7Pn2qtjhBr2I8hQYSUs
Caravaggio,British Film Institute (BFI),Derek Jarman,Biography,CCRLHSrSquXJJFqjmoea
Bird,"Malpaso Company, The",Clint Eastwood,Biography,CEoKAvzogtuJxA3avOoz
Rosalie Goes Shopping,Bayerischer Rundfunk (BR),Percy Adlon,Comedy,CFwdyorUUbxK0OJJwMJW
Return to Snowy River,Burrowes Film Group,Geoff Burrowes,Adventure,CQSToWIPfoJNPSZK7NkQ
Acusados,Paramount Pictures,Jonathan Kaplan,Drama,CRFmNejvFt5cfiirTUDF
Worth Winning,A&M; Films,Will Mackenzie,Comedy,CUccUVrnLbU2aDckQpQF
The Rachel Papers,Initial Film and Television,Damian Harris,Drama,CUtDcLBPTEw2D7o5i3q3
The Field,Granada Television,Jim Sheridan,Drama,CVM4o7EFLEolbDpnjCVt
Talk Radio,Cineplex-Odeon Films,Oliver Stone,Drama,CXfuXHDoU6CtN1pM0tft
Beyond Therapy,New World Pictures,Robert Altman,Comedy,CePKgnoa0YyUCfCDknyc
The Barbarians,Cannon Films,Ruggero Deodato,Fantasy,CgmG6vx0JZlQolPwXFSs
Out Cold,Braunstein and Hamady Productions,Malcolm Mowbray,Comedy,Cle9DYBhjdEbwxm5Jjd0
Creepshow 2,Laurel Entertainment Inc.,Michael Gornick,Comedy,Cnsp8lMWYHD8MxnVdFoM
White Palace,Universal Pictures,Luis Mandoki,Drama,CzdGfpQVUcegcApVDHif
Mona Lisa,HandMade Films,Neil Jordan,Crime,CzlSi8G2DEqKN18gvSlM
Murphy's Law,Golan-Globus Productions,J. Lee Thompson,Action,D0pOBgBOosZBqscum1d7
Trick or Treat,De Laurentiis Entertainment Group (DEG),Charles Martin Smith,Comedy,D4l7GH06EDPy5vY1dUzW
The Hot Spot,Orion Pictures,Dennis Hopper,Crime,D8NR7wAKbp6uf2lh16At
April Fool's Day,Paramount Pictures,Fred Walton,Horror,DAQMiQgiIR9M9kHVR4nR
Lucas,Twentieth Century Fox Film Corporation,David Seltzer,Comedy,DMSGu2xsnl1wN333Qjgm
The 'Burbs,Imagine Entertainment,Joe Dante,Comedy,DMsDvQlLvyCWfzgKMBP7
Martians Go Home,Edward R. Pressman Film,David Odell,Comedy,DQROe0ssxIuX79sqy5nm
Sweetie,Arenafilm,Jane Campion,Comedy,DX05DfTue6ir4D1c5XPv
Quick Change,Devoted Productions,Howard Franklin,Comedy,DhX62vl7iz4G9ijXgAAz
Cobra,Warner Bros.,George P. Cosmatos,Action,Dj65BXia5UYs1O1MnJQv
Off Limits,Twentieth Century Fox Film Corporation,Christopher Crowe,Action,DoybC2Z4tRZ9wlqyUM8M
My Little Pony: The Movie,Sunbow Productions,Mike Joens,Animation,DrHXFeDy13jGgOewo208
Not of This Earth,Miracle Pictures,Jim Wynorski,Comedy,DztOhn1BzaGSjQBQzZBR
Cyrano de Bergerac,Caméra One,Jean-Paul Rappeneau,Biography,E4xDNLnBtankLLejn9Qn
Haunted Honeymoon,Orion Pictures,Gene Wilder,Comedy,E7viPsLJk5zKSKJZ3E7f
The Mission,Warner Bros.,Roland Joffé,Adventure,EALJUXiJ1EVKw3Zh5ZVm
Armed Response,Cinetel Films,Fred Olen Ray,Action,EC8WwcXoelJBSnrPKA8l
The Abyss,Twentieth Century Fox Film Corporation,James Cameron,Adventure,EJrWKlFrRDxvlSM3Hc4M
The Lost Boys,Warner Bros.,Joel Schumacher,Comedy,EMf75LQ4geTNiWBqCexS
The Boost,Hemdale,Harold Becker,Drama,EVx3TsLJIF0PAGMDNWGG
Morgan Stewart's Coming Home,Kings Road Entertainment,Paul Aaron,Comedy,EZvBbwNYZVvzGWDZfUJP
The Kindred,Kindred Limited Partnership,Stephen Carpenter,Horror,EaRjfNnpIBmBHMzghWi5
Barfly,Golan-Globus Productions,Barbet Schroeder,Comedy,Ecl2M4ZQLNDwo1s1AfJk
Jesus of Montreal,Max Films Productions,Denys Arcand,Drama,EfiIBpagE4u1U6LXwCmn
Ginger and Fred,Produzioni Europee Associate (PEA),Federico Fellini,Comedy,EiH55wBQC3lu0xWq8nwE
Bad Influence,Epic Productions,Curtis Hanson,Drama,EiNXnXxfbcPz9PPaOmge
Masquerade,Metro-Goldwyn-Mayer (MGM),Bob Swaim,Drama,EpywbKWZe0UdIo6MTiUq
Off Beat,Silver Screen Partners II,Michael Dinner,Comedy,F0E3K8Hb0f6MBrspBdgt
Moon Over Parador,Universal Pictures,Paul Mazursky,Comedy,FC21ERw5AshnZwOdB4BK
Fletch Lives,Universal Pictures,Michael Ritchie,Comedy,FDJJwdZf6z2ZG4JfLPGV
The Little Mermaid,Walt Disney Pictures,Ron Clements,Animation,FEkgKTLEY1DR0KAzc3HK
Steel Dawn,Independent Film Centre,Lance Hool,Action,FGvR5HnMwq560p7h0t9j
Switching Channels,TriStar Pictures,Ted Kotcheff,Comedy,FHD4xRYgqNuLwV5YBXom
Teen Wolf Too,Atlantic Entertainment Group,Christopher Leitch,Comedy,FKtDgeeOXlL7878rOzNy
Farewell to the King,Cine Location Services,John Milius,Action,FVXYhstIFYVF5xFkhrkJ
The Witches,Lorimar Film Entertainment,Nicolas Roeg,Adventure,FWVi1NmEN39tr6hzjMsh
My Blue Heaven,Hawn / Sylbert Movie Company,Herbert Ross,Comedy,FZhY3jMvy5NAlOtrXZov
Class of 1999,Lightning Pictures,Mark L. Lester,Action,Fcw56Go7mX6PtWHH0pGm
Matador,Compañía Iberoamericana de TV,Pedro Almodóvar,Drama,FdkNKq9UKC9jUIPf4cnj
We're No Angels,Paramount Pictures,Neil Jordan,Comedy,FgGCUvwOu6mK1sbmXEC1
Hiding Out,De Laurentiis Entertainment Group (DEG),Bob Giraldi,Comedy,FkMpq5N7M10cnU6zH8ZA
High Hopes,British Screen Productions,Mike Leigh,Comedy,Fo0p6fsWFR4D8Q2OD72z
Awakenings,Columbia Pictures Corporation,Penny Marshall,Biography,FoiaToe7Kb2G41mBYAXc
Al borde del terror,Concorde Pictures,Jon Hess,Action,FrMDy30wYPLKt3ZlXEx8
Little Shop of Horrors,"Geffen Company, The",Frank Oz,Comedy,FuBAReMgxtj9IRB5jFfH
Troll,Empire Pictures,John Carl Buechler,Comedy,FuJ4J8NIRnsbfAz7FDEF
Eat the Rich,Channel Four Films,Peter Richardson,Action,FvL3y0tAqyX0u5L6rb05
Best of the Best,"Movie Group, The",Robert Radler,Action,G2nwDjCS8K4dkcsxzSOa
Escorpion rojo,Abramoff Production,Joseph Zito,Action,G4s5sQe0ENnlScCREUBO
Avenging Force,"Cannon Group, The",Sam Firstenberg,Action,GCWAUz0WiikjwjyyY0sC
Care Bears Movie II: A New Generation,Nelvana,Dale Schott,Animation,GDjI3pnQCHhInGCKW9RB
Túnel al infierno,New Century Entertainment Corporation,Tibor Takács,Fantasy,GMHTlBjhmVyuDZkWThbf
Satisfaction,National Broadcasting Company (NBC),Joan Freeman,Comedy,GNoRvXfGIATi50EyG32g
Russkies,New Century Entertainment Corporation,Rick Rosenthal,Drama,GOfoRF9whe5pP6CAIRum
Night Game,Epic Productions,Peter Masterson,Thriller,GQylaAWJw3Rw2WpBcsqM
Hot to Trot,Warner Bros.,Michael Dinner,Comedy,GQziKUU8FriYAlXERaUa
Cross My Heart,Northern,Armyan Bernstein,Comedy,GXX3CW9qIJ7qxoF3geUt
The Trouble with Spies,Brigade Productions,Burt Kennedy,Action,GYTQ5I7din1ywScqFbi7
Otello,Cannon City Produktie Maatschappij B.V.,Franco Zeffirelli,Drama,GZ05oaSq8fAibyJvZKDm
Matewan,Cinecom Entertainment Group,John Sayles,Drama,GbMLqBDo7LCZNv8hcKPh
Midnight Run,Universal Pictures,Martin Brest,Action,GcGVUAOPxXMmIJzt87eP
No Mercy,TriStar Pictures,Richard Pearce,Crime,Gd6UUXEvn0qjvzI6GgSU
Scenes from the Class Struggle in Beverly Hills,North Street Films,Paul Bartel,Comedy,GjlniCa6SRskL0vQouYQ
The Krays,Fugitive TV Productions,Peter Medak,Biography,GqMN0sxvHjdD7Bj3vxpu
Another 48 Hrs.,Paramount Pictures,Walter Hill,Action,H4nIzFMj5rb26GTpRxHD
Rosencrantz & Guildenstern Are Dead,Brandenberg,Tom Stoppard,Comedy,HEOmmeDNVriJBJG8BUrS
Messenger of Death,"Cannon Group, The",J. Lee Thompson,Action,HG1koAPuZFMJRSwROxMy
Tap,Beco Films,Nick Castle,Comedy,HOXghEnA1hOJk41Vl4QX
Stepfather II,Incorporated Television Company (ITC),Jeff Burr,Horror,HaaWhLwENjxny5h5vlXU
A Fine Mess,Blake Edwards,Blake Edwards,Action,HgpWJMmN3FG597vOpL1R
The Fringe Dwellers,Fringe Dwellers Productions,Bruce Beresford,Drama,Hp5Dr7pB8fseVcXK9j1u
K-9,Gordon Company,Rod Daniel,Action,HphmcSykGkUCGcmp7KLD
I Love You to Death,Chestnut Hill Productions,Lawrence Kasdan,Comedy,Hrj2x87R4QPt3woT8uJG
Days of Thunder,Don Simpson/Jerry Bruckheimer Films,Tony Scott,Action,HtoeNwqR0ArdOhwe6sRx
Raising Arizona,Circle Films,Joel Coen,Comedy,I06Nl00jSZYy7BqCrtlD
Dangerous Liaisons,Lorimar Film Entertainment,Stephen Frears,Drama,I4j3OSaYONOv6IQg2eSp
Clara's Heart,MTM Enterprises,Robert Mulligan,Drama,I5IIz3oQ1L5OGVagwXdR
"Welcome Home, Roxy Carmichael",Incorporated Television Company (ITC),Jim Abrahams,Comedy,IAFJIYTLdsL1dgvVOFv7
Gross Anatomy,Hill/Rosenman,Thom Eberhardt,Drama,IB7Bw3BGHREObC598slb
The Mosquito Coast,The Saul Zaentz Company,Peter Weir,Adventure,IBZ1TqjG7vXMZuYBMz1S
North Shore,Finnegan/Pinchuk Productions,William Phelps,Action,IG0drrryC4bOCFHcfRgp
Death Before Dishonor,Balcor Film Investors,Terry Leonard,Action,IH4lLLPv0ZX8q4VIy82n
Goodfellas,Warner Bros.,Martin Scorsese,Crime,IL4Y2hV48dQAL104Idx0
Walker,In-Cine Compañía Industrial Cinematográfica,Alex Cox,Biography,IRxf7vZc0ETaKtK2O1U6
Fatal Attraction,Paramount Pictures,Adrian Lyne,Drama,ITwHnBGgxhapaIuzQPI1
A Dry White Season,Davros Films,Euzhan Palcy,Drama,IUhC5ROCccOynv5NTxGz
At Close Range,Cinema '85,James Foley,Crime,IZPhF9OfvRuT4WT5q9Xx
Two Evil Eyes,ADC Films,Dario Argento,Horror,IclKDT1z9i7yD8zgCJtM
American Ninja 3: Blood Hunt,Breton Film Productions,Cedric Sundstrom,Action,IkNGFvccyiI0qI0ez1MZ
Extreme Prejudice,Carolco Entertainment,Walter Hill,Action,IlI2IUzpTh4w1Hr1bUAF
El vengador del futuro,Carolco Pictures,Paul Verhoeven,Action,IqJV6c8LjB6AsiXZ5imZ
Life and Nothing But,Hachette Première,Bertrand Tavernier,Drama,IsmOlcbZWm0qiouRFoFm
Young Einstein,Warner Bros.,Yahoo Serious,Comedy,Iu8iB2t0cCmtoii3apN8
Sing,TriStar Pictures,Richard Baskin,Drama,J20uivQZH3DrSPpYiiOU
Bulletproof,Cinetel Films,Steve Carver,Action,J3wvwAqrUEwJh3OlFsee
Chances Are,TriStar Pictures,Emile Ardolino,Comedy,J6uGYfIRcShym0HjHSsC
Modern Girls,Not specified,Jerry Kramer,Comedy,JAZErYMvUV0r7rhvxSiy
Taffin,United British Artists (UBA),Francis Megahy,Action,JF7wJJCu6ehcCkHrmmVF
Summer,Ministère de la Culture et de la Communication,Éric Rohmer,Drama,JF92XDHJgdc6JHFxokcI
Born in East L.A.,Clear Type,Cheech Marin,Comedy,JGTb96sn0OEIOn32prnf
Poltergeist II: The Other Side,Freddie Fields Productions,Brian Gibson,Horror,JUbJOqbppNRysZzn6xZP
Return to Horror High,Balcor Film Investors,Bill Froehlich,Comedy,JVk9OkBuwtyaNSI0EJEn
Power,Lorimar Productions,Sidney Lumet,Drama,JWNRTEJ3fobTH0kSbtxR
Rocket Gibraltar,Columbia Pictures Corporation,Daniel Petrie,Drama,Jgq1xQcZXrTPNXkCRx6W
The Hairdresser's Husband,Lambart Productions,Patrice Leconte,Comedy,JjOWxKqwgNexgrWliiRl
An American Tail,Universal Pictures,Don Bluth,Animation,JqHIA8EC111Q80732czj
Hero and the Terror,Golan-Globus Productions,William Tannen,Action,K7IgO7sbbGm1OCpSHudi
The Big Town,Albacore Productions Inc.,Ben Bolt,Drama,K7wQAgGwMNacuozNEsxQ
Critters 2,New Line Cinema,Mick Garris,Comedy,K9Mzv8lq978i55chsV7b
From a Whisper to a Scream,Conquest Productions,Jeff Burr,Action,KB97L98WZfSURsda3IV5
The Russia House,Pathé Entertainment,Fred Schepisi,Drama,KDi2ldVZbjBPpGx7oMQP
Dances with Wolves,Tig Productions,Kevin Costner,Adventure,KG99gdYq2EU2u1kp8dhV
The Grifters,Cineplex-Odeon Films,Stephen Frears,Crime,KOkwenZUX3poRQDkNVNy
Last Exit to Brooklyn,Allied Filmmakers,Uli Edel,Drama,KS7Tgt5YPrm63UvWQ7Nh
Street Smart,Golan-Globus Productions,Jerry Schatzberg,Crime,KXhTvjbJNxaUx5ukE21D
Death Wish 4: The Crackdown,Cannon Group,J. Lee Thompson,Action,KXptFbeQlN5cDTAVz8L1
Masters of the Universe,Golan-Globus Productions,Gary Goddard,Action,KfRIrH1N08vVByaJ88UP
Look Who's Talking,TriStar Pictures,Amy Heckerling,Comedy,KpU3iZSsaeHPAntGBy0R
Behind Enemy Lines,Not specified,Gideon Amir,Action,L1UGsqSsvrKJuYafoDWP
Who Framed Roger Rabbit,Touchstone Pictures,Robert Zemeckis,Animation,L3OzAck1PBTyY6YorSqh
Critical Condition,Paramount Pictures,Michael Apted,Comedy,L5qGHHhAj7C2HlEzvNpJ
Quigley Down Under,Pathé Entertainment,Simon Wincer,Action,LA7f1UGL3gnkSYmM9z1b
Erik the Viking,KB Erik the Viking,Terry Jones,Comedy,LExZFrhrdh77wzPSkFym
Stand and Deliver,American Playhouse,Ramón Menéndez,Drama,LFdp9HTQm4q3yBrGHNRv
Prick Up Your Ears,Zenith Entertainment,Stephen Frears,Biography,LPG0VpEraZTF7IEoghcE
A Nightmare on Elm Street 5: The Dream Child,New Line Cinema,Stephen Hopkins,Fantasy,LQZr0jZuCumtgWgBxYLG
Earth Girls Are Easy,De Laurentiis Entertainment Group (DEG),Julien Temple,Comedy,LQpNWk4NOoyINlVXZw2R
September,Rollins-Joffe Productions,Woody Allen,Drama,LS9SdpSbrkyKSRx5gKSR
Down by Law,Black Snake,Jim Jarmusch,Comedy,LZu5uA5e1BoBmFhRPiAv
Jackals,Hunter/MFG Production,Gary Grillo,Action,LeDqgu0jmNlkoUPZIngT
Maurice,Merchant Ivory Productions,James Ivory,Drama,Lk1FrfeOvYf4aguPvok2
Harlem Nights,Eddie Murphy Productions,Eddie Murphy,Comedy,LyqNYG8zUADHtFMGsHOX
Wild at Heart,PolyGram Filmed Entertainment,David Lynch,Comedy,M2ZDgcFRdBitlQmyWkAO
Flowers in the Attic,Fries Entertainment,Jeffrey Bloom,Drama,M6EayLy6ufHGskkiR90m
The Gods Must Be Crazy II,Elrina Investment,Jamie Uys,Comedy,M89TQVwXVPNofM1V6Vml
Desert Bloom,Carson Productions,Eugene Corr,Drama,MBlLtJo2nhspyBL1TzI9
She's Out of Control,Weintraub Entertainment Group,Stan Dragoti,Comedy,MH1hiQMPklCUUJ9wagcO
Gung Ho,Paramount Pictures,Ron Howard,Comedy,MMqU18PHgrh2rMepYLQF
Little Nikita,Columbia Pictures Corporation,Richard Benjamin,Drama,MR5245HoR1tHvqZicfYC
Bill & Ted's Excellent Adventure,De Laurentiis Entertainment Group (DEG),Stephen Herek,Adventure,MX4VVNpbFCZy1hr38rwA
Dream Lover,Metro-Goldwyn-Mayer (MGM),Alan J. Pakula,Crime,MdYm0g6bXJ2bH8TICqRN
"Honey, I Shrunk the Kids",Buena Vista Pictures,Joe Johnston,Adventure,MqCf1OrZmSJ1wMSb7i8L
My Demon Lover,New Line Cinema,Charlie Loventhal,Comedy,MsvWB7FHclAtQMB1cy9I
Rude Awakening,Aaron Russo Productions,David Greenwalt,Comedy,MtePHv6ib25UXrwKNhvJ
"Sister, Sister",New World Entertainment Films,Bill Condon,Drama,MwfANnCVV3MPtBIWTFKl
Jean de Florette,DD Productions,Claude Berri,Drama,MzsnAjtkkcsBnuYJwJlc
A World Apart,Atlantic Entertainment Group,Chris Menges,Drama,N1zTv8ZOnJKqPxN3mLMJ
Halloween 5,Magnum Pictures Inc.,Dominique Othenin-Girard,Horror,N7dkoM9YW03hEzRk9PhF
Malone,Orion Pictures,Harley Cokeliss,Action,N83ulVL6qd12PUztooSE
Little Nemo: Adventures in Slumberland,TMS Entertainment,Masami Hata,Family,NFuyUA2OnXGZIeYZRtAt
In the Shadow of Kilimanjaro,Film Corporation of Kenya,Raju Patel,Action,NHqiMrh0ZcFhIzCtGxr2
Sid and Nancy,Initial Pictures,Alex Cox,Biography,NJgSlNtj0Afq4O92KE4e
Cyborg,Cannon Entertainment,Albert Pyun,Action,NNLRF4PtRCOv8PJ2oIqj
Without a Clue,Incorporated Television Company (ITC),Thom Eberhardt,Comedy,NOBk0Ng2Ypvv5EmXgem0
Tai-Pan,De Laurentiis Entertainment Group (DEG),Daryl Duke,Adventure,NW3PBFFol80erFNsUKq6
"Bert Rigby, You're a Fool",Clear Productions,Carl Reiner,Comedy,NYd6LLhB9ZEUoUUxtjXF
Overboard,Hawn / Sylbert Movie Company,Garry Marshall,Comedy,NZ8P6Wz4w5HdONVyikEc
Women on the Verge of a Nervous Breakdown,Laurenfilm,Pedro Almodóvar,Comedy,NeVVH1xRAGy6vuWjlAQm
Dark Angel,Vision PDG,Craig R. Baxley,Action,NhHHYHRNvKfgtpO3t7PZ
Hellbound: Hellraiser II,Film Futures,Tony Randel,Horror,Nj6mvYMDF2YiNPmhlFzc
Tales from the Darkside: The Movie,Paramount Pictures,John Harrison,Comedy,Nm1pHjAkSzBBotNYBoC5
Shoot to Kill,Touchstone Pictures,Roger Spottiswoode,Action,NrQV4BkmoOxjGQODJLXA
Police Academy 5: Assignment: Miami Beach,Warner Bros.,Alan Myerson,Comedy,NyZFO2hXhEJlVeUn5sFh
Die Hard,Twentieth Century Fox Film Corporation,John McTiernan,Action,O6AaMRHux0Q3q88EpanL
Robot Jox,Empire Pictures,Stuart Gordon,Action,O7Q76iCucsHTZTzqBLQ4
Prison,Empire Pictures,Renny Harlin,Crime,OE31rV15Wixlq4mLUttP
Shanghai Surprise,HandMade Films,Jim Goddard,Adventure,OIZn5eYBRzNf5H4cpAjN
Two Moon Junction,DDM Film Corporation,Zalman King,Drama,OIyQQrmAl3IycBDGwXpY
Crossroads,Columbia Pictures Corporation,Walter Hill,Drama,OJed8Fh9MhSlzFrI2V1O
Prom Night II,Simcom Limited,Bruce Pittman,Horror,OJnNX80WAC96nwcKKjc7
Clean and Sober,Imagine Films Entertainment,Glenn Gordon Caron,Drama,OLF49FTdG4w414eI8xCS
Winter People,Castle Rock Entertainment,Ted Kotcheff,Drama,OLOdvg7pOGuNH1Xktz36
The Tall Guy,London Weekend Television (LWT),Mel Smith,Comedy,ONmNk1Q9mphYWdTq1h74
Colors,Orion Pictures,Dennis Hopper,Action,ORNgCLB53qQNemPb9JGa
9½ Weeks,Producers Sales Organization (PSO),Adrian Lyne,Drama,ORWRK9a7HGbdj6DQfvtH
Cocktail,Touchstone Pictures,Roger Donaldson,Comedy,OUwhFeJ2G6xbd1PmomV4
Marked for Death,Victor & Grais,Dwight H. Little,Action,OWZ3aiVnZCvrsh2BdFXZ
Nuts,Warner Bros.,Martin Ritt,Drama,OXm93ssQsO7Ef8qHQhN1
Taking Care of Business,Hollywood Pictures,Arthur Hiller,Comedy,Oda8ybMRRbR9YJ6AHTLC
The Morning After,American Filmworks,Sidney Lumet,Crime,OkB1BPDwLWAGv0vQbKaC
Warlock,New World Pictures,Steve Miner,Action,Om8mzB1FUGd2nYLADby3
Betty Blue,Gaumont,Jean-Jacques Beineix,Drama,OrizLH9feIONGTLt3tmE
The Monster Squad,Home Box Office (HBO),Fred Dekker,Action,OykZ4uhzSKSdiZJW0Hlo
Every Time We Say Goodbye,Delphi V Productions,Moshé Mizrahi,Drama,P2pb2j46Tibmd6b9q8hw
Invaders from Mars,Cannon Pictures,Tobe Hooper,Horror,P56R0RcA1hhKoXoxzkYm
Beaches,All Girl Productions,Garry Marshall,Comedy,PA4mQIzztidj8yl7I9CL
Hardware,Palace Pictures,Richard Stanley,Sci-Fi,PCZXtRS1ThA3DqnvpoRx
Rent-a-Cop,Kings Road Entertainment,Jerry London,Action,PK7O0pLIEgwEAkCPG250
Light of Day,TAFT Entertainment Pictures,Paul Schrader,Drama,PNssGQWCSPTUsbalzq6N
Second Sight,Lorimar Film Entertainment,Joel Zwick,Comedy,PQ1GutH4rq2LnQUdndEc
Harry and the Hendersons,Amblin Entertainment,William Dear,Comedy,PQbMWuvXb8NwqykO6n35
Casualties of War,Columbia Pictures Corporation,Brian De Palma,Crime,PXTD6CWsnMIoQT0K8DiH
Wildcats,Hawn / Sylbert Movie Company,Michael Ritchie,Comedy,PdqKIG7riMyCtzvIS8yx
Tango & Cash,Warner Bros.,Andrey Konchalovskiy,Action,PksxJi8sqz65GRXB9PbE
Blue Velvet,De Laurentiis Entertainment Group (DEG),David Lynch,Drama,PmYFluMdXHTMCBoQzJrR
Torrents of Spring,Erre Produzioni,Jerzy Skolimowski,Drama,PpxbhjrvbvdLvQPHse3r
Blaze,Touchstone Pictures,Ron Shelton,Biography,PwKx2lwHVxkuUzro8EWK
Star Trek IV: The Voyage Home,Paramount Pictures,Leonard Nimoy,Adventure,PwYgnIfqSSXozOJ03FT7
Defense of the Realm,"Rank Organisation, The",David Drury,Thriller,Q1QFWHfn8AWUKPWU1GOb
Innerspace,Warner Bros.,Joe Dante,Action,Q3IA2vAtyp5uBMpn6muX
The Golden Child,Paramount Pictures,Michael Ritchie,Action,Q3YpM7lQBwz5Q9eidx06
Hellraiser,Cinemarque Entertainment BV,Clive Barker,Horror,QEKvmaD7BREU5RCfa2K1
From Beyond,Empire Pictures,Stuart Gordon,Horror,QKrxaTNwMKIsMlyOcUPh
Night of the Creeps,TriStar Pictures,Fred Dekker,Comedy,QKxWVa8tJX8fyqV42Wqk
"Good Morning, Vietnam",Touchstone Pictures,Barry Levinson,Biography,QUjPSIczQankkAM3tegF
Gleaming the Cube,David Foster Productions,Graeme Clifford,Action,QXx4ylfEBC5m3nkMlzJr
The Whoopee Boys,Paramount Pictures,John Byrum,Comedy,QccoZpTtItVE9ysOshGd
Alice,Orion Pictures,Woody Allen,Comedy,QdE740LyEEGA145ZR0k3
Spellbinder,Metro-Goldwyn-Mayer (MGM),Janet Greek,Drama,QdTtjpnHfSqqlCADJjZR
Blue City,Paramount Pictures,Michelle Manning,Action,QiytR1Iim5hyoSpGA7mM
Pet Sematary,Paramount Pictures,Mary Lambert,Horror,QpuxhloSbw8KaL3NAePn
The Boy in Blue,Canadian Broadcasting Corporation (CBC),Charles Jarrott,Biography,R1cSJ0j2pzRoLZnWwgOT
Adventures in Babysitting,Touchstone Pictures,Chris Columbus,Action,R6GdsVUyfL0Gt9FRGCuE
Feds,Warner Bros.,Daniel Goldberg,Comedy,R91wNWqs8TNOvZmwpqMW
Life Is Sweet,British Screen Productions,Mike Leigh,Comedy,R9lJReVmdmTt1pRQSauJ
Rambo III,Carolco Pictures,Peter MacDonald,Action,RCAQDhxHO39Vtu12jWtY
The Belly of an Architect,Callender Company,Peter Greenaway,Drama,RDLD7nrcxz7wo9yxhjmR
Action Jackson,Lorimar Film Entertainment,Craig R. Baxley,Action,RDoMCR8SWkpYVq5xUb3m
Killer Klowns from Outer Space,Sarlui / Diamant,Stephen Chiodo,Comedy,RPbLDMtTQu8NnF4OW2Li
About Last Night...,TriStar Pictures,Edward Zwick,Comedy,RQBSy6EjMCroU1iUhNMa
Renegades,Morgan Creek Productions,Jack Sholder,Action,RdlfxQUL7fVOPTswmGv6
The Principal,TriStar Pictures,Christopher Cain,Action,RgfgEPFmbZsDLFfLxzI0
Made in Heaven,Lorimar Motion Pictures,Alan Rudolph,Comedy,RhG4URuvoyNg2U97hDMC
Ghostbusters II,Columbia Pictures Corporation,Ivan Reitman,Action,RjprzaDvz32scpPzWdOS
Young Guns II,Morgan Creek Productions,Geoff Murphy,Action,Rl2j9rKyjISvTRE1h0pV
Bloodfist,New Horizons Picture,Terence H. Winkless,Action,RqESM8hzrswae64pKTEJ
Hot Pursuit,RKO Pictures,Steven Lisberger,Comedy,Rssrsvo0tcE8YjFuyflf
Dragnet,Applied Action,Tom Mankiewicz,Comedy,S2wQeuVVoYbvp3FFrNf8
Star Trek V: The Final Frontier,Paramount Pictures,William Shatner,Action,S5NVW8RoytXis92XuJPX
Making Mr. Right,Barry & Enright Productions,Susan Seidelman,Comedy,S7nyaBpWEEF0Bkb8NVj4
I'm Gonna Git You Sucka,Front Films,Keenen Ivory Wayans,Action,SCuFJgKB3XjetfaftwWj
Apartment Zero,Producers Representative Organization,Martin Donovan,Drama,SD6HP98vWDcPcNo1UGr4
Brenda Starr,AM/PM Entertainment,Robert Ellis Miller,Adventure,SDHUaBY4OARU7J1givFj
The Stepfather,Incorporated Television Company (ITC),Joseph Ruben,Horror,SMLkaVMqVlWaJC87jlMJ
The Adventures of Milo and Otis,Fuji Television Network,Masanori Hata,Adventure,SMUnnRgMDn2MkyvPrVqx
DeepStar Six,Carolco Entertainment,Sean S. Cunningham,Action,SmQ1hz7KnhopXXsQGTKz
When Harry Met Sally...,Castle Rock Entertainment,Rob Reiner,Comedy,SmjexLrp5YyJCIqaiSip
Wisdom,Gladden Entertainment,Emilio Estevez,Crime,SmsIxOHcqHdA79o56syM
Story of Women,MK2 Productions,Claude Chabrol,Drama,Sn2UsB6mmsyVwUMqIDrY
The Fabulous Baker Boys,Gladden Entertainment,Steve Kloves,Drama,SpgeiFKGe6vURb6qk0xP
A Night in the Life of Jimmy Reardon,Island Pictures,William Richert,Comedy,SsZLRcbAFzw4DnUnnSg3
How I Got Into College,Twentieth Century Fox Film Corporation,Savage Steve Holland,Comedy,SxHroYIsQUGQK5iXjP2E
Withnail & I,Cineplex-Odeon Films,Bruce Robinson,Comedy,TBsu14ht2RKHMYYvU606
Au Revoir les Enfants,Nouvelles Éditions de Films (NEF),Louis Malle,Drama,TCNSen7umeqg9eTErwrL
American Anthem,Lorimar Productions,Albert Magnoli,Drama,TCQSRkRE7KuSvjhNCESQ
976-EVIL,Cinetel Films,Robert Englund,Comedy,TEInaPgSsAFtMctUIOcS
Halloween 4: The Return of Michael Myers,Trancas International Films,Dwight H. Little,Horror,TOmhvZtVf51jHSEmC8r3
Running on Empty,Double Play,Sidney Lumet,Crime,TRkkGztffWWEhFGG09pw
Sunset,Cecchi Gori Group Tiger Cinematografica,Blake Edwards,Crime,TWmCZ8A9HZpR7Vby1tIE
Pretty in Pink,Paramount Pictures,Howard Deutch,Comedy,TYYUhDQsCqqj2DVI8sju
Revenge,New World Pictures,Tony Scott,Action,Tj30Xzq0PDaMjI4AMdJu
Postcards from the Edge,Columbia Pictures Corporation,Mike Nichols,Comedy,ToSGMkoCgGuYpvjeqcRx
The Bedroom Window,De Laurentiis Entertainment Group (DEG),Curtis Hanson,Crime,TwP1UwscnNkwEjzKqI3k
Suspect,TriStar Pictures,Peter Yates,Crime,U3xP25dSoXAALUTf5RYv
Bullies,Simcom Limited,Paul Lynch,Action,U6mCIkvkkwVkOGuJmtwb
Something Wild,Religioso Primitiva,Jonathan Demme,Comedy,U8KGtaPivyfzGywe1RhK
La Femme Nikita,Gaumont,Luc Besson,Action,UAIA6Ptrmti0jE08fpX7
Broadcast News,Amercent Films,James L. Brooks,Comedy,UBMlRHmeOqIv7geL14e6
Parents,Great American Films Limited Partnership,Bob Balaban,Comedy,UDBubUeLSxfmen7IoLfC
Valmont relaciones peligrosas,Renn Productions,Milos Forman,Drama,UGHvIrDHSdfvRRiZUsgu
The Secret of My Succe$s,Rastar Pictures,Herbert Ross,Comedy,UPXCc413k2mciIAo40MR
Back to the Future Part III,Universal Pictures,Robert Zemeckis,Adventure,UQed4I9Io7NcYqbVQFwk
Detective School Dropouts,Cannon Films,Filippo Ottoni,Comedy,USJiB8C3vqodewA7etLn
Jaws: The Revenge,Universal Pictures,Joseph Sargent,Adventure,UTiM01813uGTSXIkxSel
Music Box,Carolco Pictures,Costa-Gavras,Crime,UXxkgiwMpykd0e6MUm3X
Mr. North,Heritage Entertainment Inc.,Danny Huston,Comedy,UeXPwr4pYDHa7hNrJOjP
The Delta Force,Golan-Globus Productions,Menahem Golan,Action,UjHQOHWP4iPyVKRcJMEv
Friday the 13th Part VII: The New Blood,Paramount Pictures,John Carl Buechler,Horror,UqMiY1fLVOBAttonajBV
Hoosiers,De Haven Productions,David Anspaugh,Drama,UvmHolfbR3EEjGjsKVVi
"No Retreat, No Surrender",Seasonal Film Corporation,Corey Yuen,Action,Uw6gRMY3E0gueVEpV4ob
Above the Law,Warner Bros.,Andrew Davis,Action,UxzAGodaifxXlih53ES2
Salaam Bombay!,Cadrage,Mira Nair,Crime,UzEUr5Yo5hlvz2rjGcfz
84C MoPic,Charlie Mopic,Patrick Sheane Duncan,Drama,V3QqMhxH4uP4m9vrZLF4
State of Grace,Cinehaus,Phil Joanou,Action,V66iToCCEmUA1oi6dpTE
The Best of Times,Cinema Group Ventures,Roger Spottiswoode,Comedy,VBJeAW1uuPUIXNfYY6nM
Low Blow,Action Communications,Frank Harris,Action,VMqkqSpH46RKBJmN6Ntn
F/X,Orion Pictures,Robert Mandel,Action,VPcXTmQn8MMGVXI8xcpd
Extremities,Atlantic Entertainment Group,Robert M. Young,Drama,VRum4WLwmyNYsmQsg11j
Drugstore Cowboy,Avenue Pictures,Gus Van Sant,Crime,VUA8oSP0zw4oilc5XFrj
Havana,Mirage Enterprises,Sydney Pollack,Drama,VV4Eb8stTXfr9PwzBUB2
The Wizard,Finnegan/Pinchuk Productions,Todd Holland,Adventure,VWkEExQzz1XYFXZsiATw
Wired to Kill,Not specified,Francis Schaeffer,Action,Vfg6KVNjHw12C48GBa81
Baby Boom,United Artists,Charles Shyer,Comedy,Vg80XUAy0LpYsMXME8h6
3 Men and a Baby,Interscope Communications,Leonard Nimoy,Comedy,VnPh5SIzDMhUwBEdPaNn
Psicosis III,Universal Pictures,Anthony Perkins,Horror,Vq17NOZp0oVz0MkUWxkq
Gorillas in the Mist,Universal Pictures,Michael Apted,Biography,Vqks6bNsgSeeNAZVgsYT
Oviri,Caméras Continentales,Henning Carlsen,Biography,W0vz8A454NGUHnPHcWXT
Cold Feet,Avenue Pictures,Robert Dornhelm,Comedy,W6TXBNKFCg7y2Xr9tI6Y
The Last Temptation of Christ,Universal Pictures,Martin Scorsese,Drama,W6ZWFakqxGF6TXC4xnZB
Creepozoids,Titan Productions,David DeCoteau,Horror,WDN5BQB0l8BCf1bPXQMX
Cage,Cage Productions,Lang Elliott,Action,WHuriXXdf3kcp09q9SaO
The Fourth Protocol,Fourth Protocol,John Mackenzie,Thriller,WIHG2mfli2h00YR9nA0v
Memories of Me,Metro-Goldwyn-Mayer (MGM),Henry Winkler,Comedy,WRARtGaL5sv2Xao5lvZo
For Queen & Country,Working Title Films,Martin Stellman,Crime,WaQtUNkkwxiu4pfgAcmt
Die Hard 2,Twentieth Century Fox Film Corporation,Renny Harlin,Action,WeDi7Cqu39ndXHv9IzBJ
GoBots: Battle of the Rock Lords,Hanna-Barbera Productions,Don Lusk,Animation,Wfv0PbLJBgINvzqOFK1G
The Chocolate War,Management Company Entertainment Group (MCEG),Keith Gordon,Drama,WsaMtN65lSx4GHiXuEol
Platoon Leader,Cannon International,Aaron Norris,War,WtbCBxhmwtDyeOn7crgr
Teenage Mutant Ninja Turtles,888 Productions,Steve Barron,Action,WuMxSjdeBZ2r05xJBtwk
The Exorcist III,Morgan Creek Productions,William Peter Blatty,Drama,WuQi7KHTrAq7QKBnDysn
Death Warrant,Cannon Films,Deran Sarafian,Action,Wy5SfjpETgtzHj0tKT2m
Project X,Amercent Films,Jonathan Kaplan,Comedy,WyIgTSQLt6lf51ycUx2w
Dead Poets Society,Touchstone Pictures,Peter Weir,Comedy,X1JQ3f1FueCkMxokAUi2
In Country,Warner Bros.,Norman Jewison,Drama,X8z6uBRBvB3608arrOPf
Days of Being Wild,In-Gear Film,Kar-Wai Wong,Crime,XBKvFctS5Yf9A28y9ntZ
Near Dark,F/M,Kathryn Bigelow,Action,XBPZSQuR8jF1tE48G66r
Children of a Lesser God,Paramount Pictures,Randa Haines,Drama,XCpGTBClye2DeLl2gSrG
Lock Up,White Eagle,John Flynn,Crime,XGosX6GNlqaZw2occejV
Great Balls of Fire!,Orion Pictures,Jim McBride,Biography,XMrHXQixnasDSA4JXopL
Sky Bandits,J&M; Entertainment,Zoran Perisic,Action,XcbMXCIXQKc7BHd0c0Vs
"Silent Night, Deadly Night 2",Silent Night Releasing Corporation,Lee Harry,Horror,XjtsFhM6O761hdUVuMCr
Bat*21,TriStar Pictures,Peter Markle,Drama,Xlc8WNbFPryzpJf8hEmy
A Man and a Woman: 20 Years Later,Les Films 13,Claude Lelouch,Drama,XtJw9xTY1hvSdH27Esqh
"Jo Jo Dancer, Your Life Is Calling",Columbia Pictures Corporation,Richard Pryor,Biography,XyJTAWOeyDLyOjg6MvXA
Five Corners,Cineplex-Odeon Films,Tony Bill,Crime,Y0k8RFmC04Bt5dGthuho
Firewalker,Cannon Group,J. Lee Thompson,Action,Y43CxPsySDHvak64OeUh
Roxanne,Columbia Pictures Industries,Fred Schepisi,Comedy,Y5s6PizKVRXGR43zoVgV
The Freshman,TriStar Pictures,Andrew Bergman,Comedy,Y7nMVfHVoiazceZDow1c
Dirty Rotten Scoundrels,Orion Pictures,Frank Oz,Comedy,YFhXLOGoHrwJmNNj3asR
Julia and Julia,RAI Radiotelevisione Italiana,Peter Del Monte,Drama,YIekADPzI9pTOwbCjqQO
Illegally Yours,Crescent Moon,Peter Bogdanovich,Comedy,YJ3k9RPgYhb2wDaITScD
The Moderns,Nelson Entertainment,Alan Rudolph,Comedy,YKs7SjFdcj41MzLi5c7x
The Unholy,Vestron Pictures,Camilo Vila,Horror,YMyhCH7rVsRf1G5zkPLk
The Karate Kid Part III,Columbia Pictures Corporation,John G. Avildsen,Action,YNuipBXl1sKXQqwGi82h
Cold Steel,Cinetel Films,Dorothy Ann Puzo,Action,YW20ptSi9D4RE4EV5P2O
The Great Outdoors,Hughes Entertainment,Howard Deutch,Comedy,YZYyY8K4tejslqpE7iwY
Raw Deal,De Laurentiis Entertainment Group (DEG),John Irvin,Action,YanaXaBCN22upFULoInO
Heathers,New World Pictures,Michael Lehmann,Comedy,YbHUleEVmBHeElL7S9n0
Zombie High,Cinema Group,Ron Link,Comedy,YbepOCzu8yoCcKZU8Ysh
Top Gun,Paramount Pictures,Tony Scott,Action,YhMsXa6ChtpBmpGAC7i7
Scandal,British Screen Productions,Michael Caton-Jones,Drama,Yjgd0A0aDktxfD7TxIWZ
Parting Glances,Rondo Productions,Bill Sherwood,Drama,YkNpm4WWoZSXM9AChplG
Disorganized Crime,Kouf/Bigelow Productions,Jim Kouf,Action,YsgOh4Yvik5wcdxsnj6e
Out of the Dark,Cinetel Films,Michael Schroeder,Comedy,Yt6riiLkagEIDfNJLDkc
"Planes, Trains & Automobiles",Paramount Pictures,John Hughes,Comedy,YuL2mrlRrYlRTSQW74wy
The Big Picture,Aspen Film Society,Christopher Guest,Comedy,YxQeVupp2VntXw5KkJLu
Shakedown,Shapiro-Glickenhaus Entertainment,James Glickenhaus,Action,YxeGWJIfdnYaJIxVTRKm
Aliens,Twentieth Century Fox Film Corporation,James Cameron,Action,YxrCne5HZRvqb2XvbEjJ
The Men's Club,Atlantic Entertainment Group,Peter Medak,Drama,YyHk6tqnrcPTdI0d9YLx
El Hotel de los Fantasmas,Vision PDG,Neil Jordan,Comedy,Z3LHTqXhucTBuBIWJpdQ
Tequila Sunrise,Cinema City Films,Robert Towne,Crime,Z5MYX0Zn934buu1y2GI1
Bloodhounds of Broadway,American Playhouse Theatrical Films,Howard Brookner,Comedy,Z62eYYwToAc6wRuMXgOX
Crocodile Dundee,Rimfire Films,Peter Faiman,Adventure,ZEM0VAK4hKyKZc296WeW
Summer School,Paramount Pictures,Carl Reiner,Comedy,ZESttNRA4kPCKhEFn79a
Cinema Paradiso,Cristaldifilm,Giuseppe Tornatore,Drama,ZI10uTgQ3bSjC6cjqt5W
Queen of Hearts,Channel Four Films,Jon Amiel,Comedy,ZQ0M6dDqO0sc8Hu1koLN
Miami Blues,Tristes Tropiques,George Armitage,Comedy,ZRI9OSKBYr92fY9Yjbia
A Prayer for the Dying,"Samuel Goldwyn Company, The",Mike Hodges,Action,ZST57vYvYDFv1xeeKEVQ
The Big Easy,Kings Road Entertainment,Jim McBride,Comedy,ZUUM7xzQJCYqD5iCNzgr
And God Created Woman,Vestron Pictures,Roger Vadim,Comedy,ZVA9g3UDpEANcFpS7cnb
Johnny Be Good,Zacharias-Buhai Productions,Bud S. Smith,Comedy,ZVUielenrn9fkq36Uhhc
The Big Blue,Gaumont,Luc Besson,Adventure,ZbVxVljzeT4hxplNXBTk
Boyfriends and Girlfriends,Les Films du Losange,Éric Rohmer,Comedy,ZlNCWPX4Vvoyx6c1fkIl
Saving Grace,Embassy Pictures,Robert M. Young,Comedy,Zm8QI8Qdh1Gme6k8cMCI
The Lair of the White Worm,White Lair,Ken Russell,Comedy,ZoO4wTF7CertdjMYV3xv
Solarbabies,Brooksfilms,Alan Johnson,Action,Zs327Y6EDyfIc2r7Jjxf
Enemies: A Love Story,Morgan Creek Productions,Paul Mazursky,Comedy,Zs75DqDoRK68d5J1y1f9
As Tears Go By,In-Gear Film Production,Kar-Wai Wong,Crime,a0IHaxivI36t3lwjghyd
Let's Get Harry,Delphi V Productions,Stuart Rosenberg,Action,a2ZOfLxQS0M0RKpk3ZIc
Married to the Mob,Orion Pictures,Jonathan Demme,Comedy,a2ZQ72gEmpwpWKF11PsY
New York Stories,Touchstone Pictures,Woody Allen,Comedy,a4wbn6jbZKYPZMmbH04N
Down and Out in Beverly Hills,Touchstone Pictures,Paul Mazursky,Comedy,a9J54weVuG9X34J8WR4P
Home Alone,Hughes Entertainment,Chris Columbus,Comedy,a9bmGJjEHf714VEviyUc
The Year My Voice Broke,Kennedy Miller Productions,John Duigan,Drama,aEOBFfSAqOwXjzkhbzMG
Turner & Hooch,Touchstone Pictures,Roger Spottiswoode,Comedy,aGjsmlbP7hqDv3UqqPuc
Lost Angels,Not specified,Hugh Hudson,Drama,aGlHABxRbTD821EwbS8c
Shy People,Cannon Group,Andrey Konchalovskiy,Drama,aHPUbp5jzztFIhhJvNQP
Appointment with Death,Golan-Globus Productions,Michael Winner,Crime,aHfmBLmQRdK8ZSDoecvr
Steele Justice,Atlantic Entertainment Group,Robert Boris,Action,aI7Wj7CRbZxQQhKVhc5H
The Dead Pool,Warner Bros.,Buddy Van Horn,Action,aJOaBWffuGB8H9VgVZ3m
Highlander,Thorn EMI Screen Entertainment,Russell Mulcahy,Action,aPAiPcq3Ven7NZl6ZRVv
Wicked Stepmother,Larco Productions,Larry Cohen,Comedy,aQkAze4kRnc82Sc1cEOy
Vice Versa,Columbia Pictures Corporation,Brian Gilbert,Comedy,aVV1gclrbNOAS4v10d1U
She-Devil,Orion Pictures,Susan Seidelman,Comedy,aZIkzl0VX58TsWFLD4hz
Navy Seals,Orion Pictures,Lewis Teague,Action,abFtVUnpoL8Y7bT2SgQQ
Round Midnight,Little Bear,Bertrand Tavernier,Drama,abIIJ4FHhvkoOW6RTEf5
Black Widow,Amercent Films,Bob Rafelson,Crime,acQaxd5dJ0EKE4Rc9G67
Vibes,Imagine Entertainment,Ken Kwapis,Adventure,adeBjqBd0ZWtEyMQJvik
A Fish Called Wanda,Metro-Goldwyn-Mayer (MGM),Charles Crichton,Comedy,alUlXIIx4ECmoi5jLYbW
Chocolat,Caroline Productions,Claire Denis,Drama,aovGj0lMCVJLkl6bOOIS
The January Man,Metro-Goldwyn-Mayer (MGM),Pat O'Connor,Action,atPJl9wLzj5dPQrsXgrB
Henry V,Renaissance Films,Kenneth Branagh,Action,awt7zyuVEEhMpX41Ydpt
Ménage,Ciné Valse,Bertrand Blier,Comedy,b0FHWbaaNs5nhYrF58jW
A Nightmare on Elm Street 3: Dream Warriors,New Line Cinema,Chuck Russell,Action,b3OnaCU2WKeWkM5xC5LU
Kangaroo,Cineplex-Odeon Films,Tim Burstall,Drama,bBIhtzWUUoswkjbIiEZH
Crocodile Dundee II,Paramount Pictures,John Cornell,Action,bMAbK9gnaXTyfPq6pB8H
Throw Momma from the Train,Orion Pictures,Danny DeVito,Comedy,bMyf6QHCNgWowdX9Ca2N
Relentless,Cinetel Films,William Lustig,Crime,bNMCOQvKroUkFvcQ5BlR
Mystic Pizza,Night Life Inc.,Donald Petrie,Comedy,bQ7Vt5uQJorGbcQwtA5C
Nomads,Cinema VII,John McTiernan,Horror,bRrsNXBxrBwtQe699NRX
School Daze,Columbia Pictures Corporation,Spike Lee,Comedy,bcp3CyqxVoMuDjv78xwx
Hello Again,Touchstone Pictures,Frank Perry,Comedy,bd3PI7TnzNH6Ek31l41e
The Color of Money,Touchstone Pictures,Martin Scorsese,Drama,beKW50pTA39BekSigUoZ
Her Alibi,Warner Bros.,Bruce Beresford,Comedy,besmLNPB5Vf9a5u9Cs4e
American Ninja 4: The Annihilation,Cannon Group,Cedric Sundstrom,Action,boJgOUiLJ89bzkXS2ENZ
Crimes and Misdemeanors,Jack Rollins & Charles H. Joffe Productions,Woody Allen,Comedy,bqGtfquVuqAVG423sM4h
Criminal Law,Hemdale,Martin Campbell,Crime,bqf3gv7Oop4EZM2mkVp1
The Toxic Avenger Part II,Lorimar Film Entertainment,Michael Herz,Action,bxia8f8R3tWOrdRcWsCc
D.O.A.,Bigelow Productions,Annabel Jankel,Mystery,c0WCQWiHtv706tMWEhKv
Friday the 13th Part VIII: Jason Takes Manhattan,Paramount Pictures,Rob Hedden,Adventure,c5lRHkYgAVKaY8fkgUaL
Misery,Castle Rock Entertainment,Rob Reiner,Crime,c7fSzc6J4EFMPJKbCeRG
Coming to America,Eddie Murphy Productions,John Landis,Comedy,c8O1TFMy1V6ILuJd1EKq
Terror a bordo,Kennedy Miller Productions,Phillip Noyce,Horror,cByp6Tv4vE9e1YUw3EFV
Tremors,Universal Pictures,Ron Underwood,Comedy,cFO25RHVbWRYZmYrvwum
Fat Man and Little Boy,Paramount Pictures,Roland Joffé,Biography,cGFVxKsrziRVZeGx63IQ
The Dream Team,Universal Pictures,Howard Zieff,Comedy,cNKVbbhgyKmFgqnmXQNd
84 Charing Cross Road,Brooksfilms,David Hugh Jones,Biography,cNz3cJrdpQhp05z2NJgT
Penitentiary III,Not specified,Jamaa Fanaka,Comedy,cT9WiDdIXjDds85puirK
Heartbreak Ridge,Jay Weston Productions,Clint Eastwood,Action,cVTQJP2a6NMhH6nhnxPg
Everybody's All-American,New Visions,Taylor Hackford,Drama,cXCd7Qe3dZSPdKLmmMlh
Look Who's Talking Too,TriStar Pictures,Amy Heckerling,Comedy,cYawWmQjxW4BpwS2oGPe
Communion,Allied Vision,Philippe Mora,Biography,cb6Le6NWqgFwMToS073I
Repossessed,Carolco Pictures,Bob Logan,Comedy,cb9uFbHxhDy6Ud9mF1RR
Wild Orchid,Vision PDG,Zalman King,Drama,cgo3ySSVgtBHuLFKg6qv
Slam Dance,Zenith Entertainment,Wayne Wang,Mystery,cjCovlvHgf0VEC1TKHWA
Meatballs III: Summer Job,TMS Pictures,George Mendeluk,Comedy,cntv3whMuwuCQoTzaSgM
Rain Man,United Artists,Barry Levinson,Drama,coWsgF9Sdy0dsFx46J0T
Police Academy 4: Citizens on Patrol,Warner Bros.,Jim Drake,Comedy,d8smTVVYPvKSF6ZpUHMv
Fresh Horses,Weintraub Entertainment Group,David Anspaugh,Drama,dAPiIK5D4reOPPSo66dk
The Hanoi Hilton,Cannon Group,Lionel Chetwynd,Drama,dCy9AUH9RDqmMbnf3OIN
The Adventures of Baron Munchausen,Prominent Features,Terry Gilliam,Adventure,dEfUXyk9ljt97XCqWgdA
World Gone Wild,Apollo Pictures,Lee H. Katzin,Action,dH0EvFKjf2O1b1tJ0uW0
A Cry in the Wild,Concorde Pictures,Mark Griffiths,Action,dHGcS30t3sFEgrkF5MeT
Pass the Ammo,"Vista Organisation, The",David Beaird,Comedy,dHSFM99HYEMQnyaeFGRk
Flatliners,Columbia Pictures Corporation,Joel Schumacher,Drama,dHrTcpeiOoyXROavalfG
Slaves of New York,TriStar Pictures,James Ivory,Drama,dICoKTdL3P3eyvfp8EK0
The Kiss,TriStar Pictures,Pen Densham,Drama,dKDcZMpqnDDR5EUhOXFf
Who's Harry Crumb?,TriStar Pictures,Paul Flaherty,Comedy,dLLmG1VGVUcoWQ8MoK2H
Nightbreed,Morgan Creek Productions,Clive Barker,Action,dLMIBhj0MAvxQANl5gq3
Bird on a Wire,Universal Pictures,John Badham,Action,dOBM0quvJ9avjMqW8Qg8
"See No Evil, Hear No Evil",TriStar Pictures,Arthur Hiller,Comedy,dQbTDnEZUAQTfcn9Fjho
Parenthood,Imagine Entertainment,Ron Howard,Comedy,dRG7xRmWp2xnkSGlPyXe
Police Academy 6: City Under Siege,Warner Bros.,Peter Bonerz,Comedy,dRtWQJWJQ3rhm8VpI8Uk
Red Heat,Carolco Pictures,Walter Hill,Action,dXqxaxcMvPhR332WKMCe
Deadly Illusion,Cinetel Films,Larry Cohen,Adventure,dd0o0PI2r9wBw2M3IZ88
Dream a Little Dream,Lightning Pictures,Marc Rocco,Comedy,de84swGOSJ0ve1iXU6GI
Jason Lives: Friday the 13th Part VI,Paramount Pictures,Tom McLoughlin,Horror,diG2YYfOfl2mGOLVRbJT
Promised Land,Great American Films Limited Partnership,Michael Hoffman,Drama,djekpfQyEU2vVwbzbxGR
Crossing Delancey,Warner Bros.,Joan Micklin Silver,Comedy,dmEL3HksMkqOUJylIvt4
Wish You Were Here,Channel Four Films,David Leland,Comedy,e0CMOLg4mR7MbFfIOg9b
White Mischief,Columbia Pictures,Michael Radford,Crime,eH1AscCCEpd33StpzlEC
Dick Tracy,Touchstone Pictures,Warren Beatty,Action,eKpeP4sleU7RdOManUuK
Maximum Overdrive,De Laurentiis Entertainment Group (DEG),Stephen King,Action,eQFM8VgjurkL9Hsuz1t4
Beverly Hills Cop II,Paramount Pictures,Tony Scott,Action,eQeggDwtu3SA11Zm2sc4
Monsieur Hire,Cinéa,Patrice Leconte,Crime,eR4TSIdMhaBtK2rxt0Gt
Casual Sex?,Jascat,Geneviève Robert,Comedy,eV4q8l9jDUJESSa6C8PV
Shirley Valentine,Paramount Pictures,Lewis Gilbert,Comedy,eVl6zaG243Azigu3jnvB
Glory,TriStar Pictures,Edward Zwick,Biography,eaW8JxSBG8uebgHMqtVm
Weekend at Bernie's,Gladden Entertainment,Ted Kotcheff,Adventure,ec1jeFe2mdcDCIN5g7oh
Biloxi Blues,Rastar Pictures,Mike Nichols,Comedy,efduc7t8WO4PVtyEjcBb
Chameleon Street,Gathsemane 84,Wendell B. Harris Jr.,Comedy,ehwZuzTx10fIBsB6o6L1
The Transformers: The Movie,Sunbow Productions,Nelson Shin,Animation,eiNqn3cdBlJo9XkncFWm
Mannequin,Gladden Entertainment,Michael Gottlieb,Comedy,elHZzETnMhrnGyoDlKY2
Youngblood,Blueline Productions,Peter Markle,Drama,ewmL6JPtPezPgMIHJ8ah
Hope and Glory,Columbia Pictures Corporation,John Boorman,Comedy,ewx2peVbU9Fx5lcFm6kS
Things Change,Columbia Pictures Corporation,David Mamet,Comedy,f3soJXAc0maCrVdl3Hhm
Eddie and the Cruisers II: Eddie Lives!,Alliance Communications Corporation,Jean-Claude Lord,Drama,f4AxKmCPQ1br6wS3z4nm
Four Adventures of Reinette and Mirabelle,Compagnie Eric Rohmer (CER),Éric Rohmer,Comedy,f51UzjyMz0Y2cIeJxf82
Frankenhooker,Levins-Henenlotter,Frank Henenlotter,Comedy,fI9vgG0qvhtK4MyiRnXK
Cousins,Paramount Pictures,Joel Schumacher,Comedy,fTuSfwEBvZILDHGYPubN
Quiet Cool,New Line Cinema,Clay Borris,Action,fVuK4Q22D6TL7u6S15we
Stormy Monday,Atlantic Entertainment Group,Mike Figgis,Crime,ffwtZopMbuNKfULSiwJ9
The Accidental Tourist,Warner Bros.,Lawrence Kasdan,Drama,fliBofXLRxE5hFDBaE4z
Dead Ringers,Morgan Creek Productions,David Cronenberg,Drama,fuHAe7v4OVRyT54KMgPy
True Believer,Columbia Pictures Corporation,Joseph Ruben,Drama,fwqaJrQbMeIfQQh2AEkW
Absolute Beginners,Goldcrest Films International,Julien Temple,Drama,g0mFG6ue6IIq7m1bPs7r
Back to School,Orion Pictures,Alan Metter,Comedy,g23467aPzoLbgj3Ebud7
Ferris Bueller's Day Off,Paramount Pictures,John Hughes,Comedy,g2denF9qjEQI6y4wbaW6
Teen Witch,Trans World Entertainment (TWE),Dorian Walker,Comedy,g2vpqPG7rBA7f9SckSHu
The Whistle Blower,Portreeve,Simon Langton,Thriller,g4By6iBAE806ckWIL7Hn
Alien Nation,American Entertainment Partners II L.P.,Graham Baker,Action,g4WC41pXAFxoPWV8ADy3
Dad,Amblin Entertainment,Gary David Goldberg,Drama,g6DmuswWP0XyCfI0B7Mi
3 Men and a Little Lady,Touchstone Pictures,Emile Ardolino,Comedy,g81dmmITFHCRQpug5DFx
Prancer,Cineplex-Odeon Films,John D. Hancock,Drama,g9TzBGMCfVpomw18CbSa
House II: The Second Story,New World Pictures,Ethan Wiley,Comedy,gAGMrhltKspxxlRx7TD8
A Nightmare on Elm Street 4: The Dream Master,New Line Cinema,Renny Harlin,Horror,gIGT3vomVsqyMyCNCFtT
A Man in Love,Alexandre Films,Diane Kurys,Drama,gPctVDmAmGqVRD5tLISi
Longtime Companion,American Playhouse,Norman René,Drama,gPq6qQO6OVLzb1H8P20J
Disorderlies,Warner Bros.,Michael Schultz,Comedy,gQESNrZFrCV325ezzZC4
My Chauffeur,Crown International Pictures,David Beaird,Comedy,gSdLqH3xw1EXIi6agcp2
All Dogs Go to Heaven,Goldcrest Films International,Don Bluth,Animation,ga8KBpOMltdbFUegZ7KB
The Naked Gun: From the Files of Police Squad!,Paramount Pictures,David Zucker,Comedy,giEsUwrfAC18x0NOzZoi
Sweet Liberty,Universal Pictures,Alan Alda,Comedy,gkDnCK2Z7Wqrw9wj7THp
The Couch Trip,Orion Pictures,Michael Ritchie,Comedy,goO24njB88hTv5InCqda
Miracle Mile,Hemdale,Steve De Jarnatt,Action,gtNk0o4DpynML2e3sQoT
The Ladies Club,Heron Communications,Janet Greek,Drama,h1kP29WmXdCaLceupkKk
Arthur 2: On the Rocks,Warner Bros.,Bud Yorkin,Comedy,h4BlhSW7wMTp93fgHFk0
Triumph of the Spirit,Nova International Films,Robert M. Young,Biography,h8RvwKZSrNSk9rG1Chn6
Killer Party,Marquis,William Fruet,Comedy,hFZBhClJjsbA4nJtD9od
Wall Street,Twentieth Century Fox Film Corporation,Oliver Stone,Crime,hHYa76SGOGc9LMGRMJ7l
Peter Kenna's The Good Wife,Laughing Kookaburra Productions,Ken Cameron,Drama,hIqokIQJLp3ALg8Smmtl
"No Retreat, No Surrender 2",Seasonal Film Corporation,Corey Yuen,Adventure,hMYmqjg4ghFF0wzXtbJ9
Outrageous Fortune,Touchstone Pictures,Arthur Hiller,Comedy,hQUCFLcaMgsbkU36fPBx
Twins,Universal Pictures,Ivan Reitman,Comedy,hS1AA43zgmpRhzHhOglx
TerrorVision,Empire Pictures,Ted Nicolaou,Comedy,hSGkr4SiccQiFrAHtCaQ
Crazy Love,Centre du Cinéma et de l'Audiovisuel de la Fédération Wallonie-Bruxelles,Dominique Deruddere,Drama,hU7V6I7WOi198tWCcnN6
Crusoe,Island Pictures,Caleb Deschanel,Drama,haRUHPaiJei1Ne5MQLz8
Big,American Entertainment Partners II L.P.,Penny Marshall,Comedy,haZr751542rHaHmUzb1Y
Last Rites,Metro-Goldwyn-Mayer (MGM),Donald P. Bellisario,Action,hbfFIsgxiscJi79l16kz
Weekend Warriors,Convy-Fimberg Productions,Bert Convy,Action,hhaYiXxznADL4vuqrBoO
Rocky V,United Artists,John G. Avildsen,Drama,hi9j4fhZMXZqeScCNGxn
The Rescue,Silver Screen Partners III,Ferdinand Fairfax,Action,hiFKGWMGlpYAhzaliqLf
Cop,Atlantic Entertainment Group,James B. Harris,Crime,hoLvHsijZcan4Ncivx13
No Man's Land,Not specified,Peter Werner,Crime,hrNtX1eBKA5lq3VdytML
"Mama, There's a Man in Your Bed",Cinéa,Coline Serreau,Comedy,huONVNSncx0D6sDUTj1B
Brighton Beach Memoirs,Rastar Pictures,Gene Saks,Comedy,hwhVK1AL47ss0JIZkvhe
Swimming to Cambodia,The Swimming Company,Jonathan Demme,Comedy,hyxSpJfpd58IpEMCfE14
The Bonfire of the Vanities,Warner Bros.,Brian De Palma,Comedy,i2A42WdanY5PKjvLVBnE
Born American,Cinema Group Ventures,Renny Harlin,Action,i2eahIUS0iEHcVIQSyx2
They Live,Alive Films,John Carpenter,Action,i53uzWIjfwXciFK2o1rX
Frantic,Warner Bros.,Roman Polanski,Crime,iDOchvNOLkfjusbrxPJv
Welcome Home,Columbia Pictures Corporation,Franklin J. Schaffner,Drama,iHRpxlb8H26HakMo8Eb3
Scrooged,Paramount Pictures,Richard Donner,Comedy,iJCrLrdLPEIHwucN3CI4
The Assault,Fons Rademakers Produktie,Fons Rademakers,Drama,iJUShjmtj1C3oZwrSa2S
Black Rain,Paramount Pictures,Ridley Scott,Action,iQZkLuJB2IXFLbd8Kmjt
SpaceCamp,ABC Motion Pictures,Harry Winer,Adventure,iS3CrG6IV8JFEhJeXRTr
The Curse,Trans World Entertainment (TWE),David Keith,Sci-Fi,iWvXUvUG5nYblrtV4n0r
Sammy and Rosie Get Laid,Channel Four Films,Stephen Frears,Comedy,idlpxk5n8nLu1bgeRjUe
Dirty Dancing,Great American Films Limited Partnership,Emile Ardolino,Drama,ie796ZkUjgUDKG3Fhwu9
Kansas,Trans World Entertainment (TWE),David Stevens,Crime,igNIotezQjD8Zw1lDXBu
The Handmaid's Tale,Bioskop Film,Volker Schlöndorff,Drama,ikBk1O8wesVxeJZvSKL6
Torch Song Trilogy,New Line Cinema,Paul Bogart,Comedy,imLq7bVRZj6LmT0qxQJl
Sweet Hearts Dance,Brightstar Films,Robert Greenwald,Comedy,ir0I1Hz9Yie8d8LnByaU
Dead Bang,Lorimar Film Entertainment,John Frankenheimer,Action,j0yZmbgdwki4dkkkivgD
Flight of the Navigator,Walt Disney Pictures,Randal Kleiser,Adventure,j2eZ8d04QPGITpiSkfq6
Child's Play 2,Universal Pictures,John Lafia,Horror,j5b9J240VXuuJygHiFHd
Babette's Feast,Panorama Film A/S,Gabriel Axel,Comedy,j64wrPx22rC8O14I6nfc
Vampire's Kiss,Magellan Pictures,Robert Bierman,Comedy,j83BaA2CHZJQQzntLhKZ
Predator 2,Davis Entertainment,Stephen Hopkins,Action,jOK5sbnbHJCPln7IfqQd
A Chorus of Disapproval,Curzon Films,Michael Winner,Comedy,jQka9mo54SGb7bbzbeJz
Young Guns,Morgan Creek Productions,Christopher Cain,Action,jZoqqeeKEf0Ypwo1wbA0
The Terror Within,Concorde Pictures,Thierry Notz,Horror,jeWRUIxvdXiMzbUHQ34Y
Half Moon Street,Edward R. Pressman Film,Bob Swaim,Thriller,jgIc8uLmxumXpYq4nXkx
Best Seller,Hemdale,John Flynn,Action,jgfICxATIwYFfRdm1KI3
License to Drive,Twentieth Century Fox Film Corporation,Greg Beeman,Comedy,jjzU0av1xbeLlltSJctF
Jumpin' Jack Flash,Lawrence Gordon Productions,Penny Marshall,Comedy,jq98kV6ZxVKVrVdGAcfj
Heartbreak Hotel,Silver Screen Partners III,Chris Columbus,Comedy,jxkTyf81FS38SYPQiWfn
Short Circuit 2,TriStar Pictures,Kenneth Johnson,Comedy,k1rH1rNq4LUt1nBDJ3Tu
Walk Like a Man,Metro-Goldwyn-Mayer (MGM),Melvin Frank,Comedy,kMzB50yWbKb5tLfx6oKn
Anguish,Luna Films,Bigas Luna,Horror,kSs4y354F6kK7NjNH5d8
Kill Me Again,Incorporated Television Company (ITC),John Dahl,Action,kTurlSDRpk4gN8WgsSOa
Bull Durham,The Mount Company,Ron Shelton,Comedy,kXisrgaIAxYqUtZwcbjT
Graveyard Shift,Paramount Pictures,Ralph S. Singleton,Horror,kYEIrx1RSoM2061kfiQ7
Heathcliff: The Movie,DIC Entertainment,Bruno Bianchi,Family,kdWU1vhCuyypeq3Y69hC
Violets Are Blue...,Rastar Films,Jack Fisk,Drama,kgAXi7E2gFnXRCrE2PxS
The Believers,Orion Pictures,John Schlesinger,Crime,kovFi61xXHkkYvQOqtF4
Cocoon: The Return,Zanuck/Brown Productions,Daniel Petrie,Adventure,ksa0sF8ZtFHJWpTfjvUt
Powwow Highway,HandMade Films,Jonathan Wacks,Drama,ktkJ66rqI4tczKXGnKEx
Tough Guys,Touchstone Pictures,Jeff Kanew,Comedy,kukgMhw05LIPuJhJJOMt
True Stories,Edward R. Pressman Film,David Byrne,Musical,kvDZ5zKZlUdepUbu4Ffg
The Untouchables,Paramount Pictures,Brian De Palma,Crime,kx2q5BuzzhoxLcldEXOH
Some Kind of Wonderful,Hughes Entertainment,Howard Deutch,Drama,l0BT5sGkeTDM1QQk7pzw
Bagdad Cafe,Pelemele Film,Percy Adlon,Comedy,l1baLOX0m2tqXRcQp9QG
Less Than Zero,Twentieth Century Fox Film Corporation,Marek Kanievska,Crime,l23Me8xMRUGAXNDgsbIh
Reform School Girls,Balcor Film Investors,Tom DeSimone,Drama,l3YdKshYVCyBz24qBcx4
No Way Out,Orion Pictures,Roger Donaldson,Action,l6sDOJfEP7KZQAFIAPOX
China Girl,Great American Films Limited Partnership,Abel Ferrara,Crime,l7U0earkId5SjLB6XkeV
Strapless,Channel Four Films,David Hare,Drama,l8KlwN4vnRmNQtoE8C4l
Iron Eagle,TriStar Pictures,Sidney J. Furie,Action,l8iksCGZGYFbiKl9xSVH
Black Moon Rising,New World Pictures,Harley Cokeliss,Action,lFjcMBdV5g7XGpYMPHvl
See You in the Morning,Lorimar Film Entertainment,Alan J. Pakula,Drama,lLqhB8K0VoNRXmkITsqj
Streets of Gold,Roundhouse,Joe Roth,Drama,lYbLtt3LrbG1mWUwwdgT
Mortal Passions,Gibraltar Entertainment,Andrew Lane,Crime,ljrDRkuMz9fp3B9ktxHu
The Hunt for Red October,Paramount Pictures,John McTiernan,Action,loJkxy12JWhQ4fts7UqB
Signs of Life,American Playhouse,John David Coles,Drama,lsl1g1LPP3Zl0ztFhj72
Lethal Weapon 2,Warner Bros.,Richard Donner,Action,m3jMwlhUabP5TS6B2qMI
Steel Magnolias,TriStar Pictures,Herbert Ross,Comedy,m9BiD4QGSwZNKkLVXNrh
Jake Speed,Balcor Film Investors,Andrew Lane,Action,mCurvVainIm6v1kQBm9O
"The Cook, the Thief, His Wife & Her Lover",Allarts,Peter Greenaway,Crime,mCyNqneWqj0jdLgFeRWE
Surrender,Cannon Group,Jerry Belson,Comedy,mEap3e4ATTP0zxTIzHSw
The Good Mother,Touchstone Pictures,Leonard Nimoy,Drama,mGkY1KfUpzTbfvcDlk0T
Fast Food,Varney Productions,Michael A. Simpson,Comedy,mKHBNfbfM2hZH47h5Efv
Superman IV: The Quest for Peace,Cannon Films,Sidney J. Furie,Action,mKvRFCObWMvAq2hIkYQS
No Holds Barred,New Line Cinema,Thomas J. Wright,Action,mNINIgL8ikorC0AWn0xt
On the Edge,Alliance Communications Corporation,Rob Nilsson,Drama,mNOCVnPDaz0uyZeabxBe
Crimes of the Heart,De Laurentiis Entertainment Group (DEG),Bruce Beresford,Comedy,mNTe8joGdVhHpAipd9gw
Nothing in Common,Delphi Films,Garry Marshall,Comedy,mOO59p2OA49zfCdGhEdq
Bloodsport,Cannon International,Newt Arnold,Action,mRhMtyxOKDDUepOnYSLJ
Shocker,Alive Films,Wes Craven,Comedy,mUiAKnka6glB8Ng8YruC
Rad,TaliaFilm II Productions,Hal Needham,Drama,mZbbTjPDSVG8caAeP6BY
The Return of Swamp Thing,Lightyear Entertainment,Jim Wynorski,Sci-Fi,mdhMwSQhctQzRxpbDIHU
My Best Friend Is a Vampire,Kings Road Entertainment,Jimmy Huston,Comedy,mgegdxqXOkI4Je8VTdYD
Tiger Warsaw,Continental Film Group Ltd.,Amin Q. Chaudhri,Drama,miSOQqUMP3Oq9KVilig9
Deadtime Stories,Scary Stuff,Jeffrey Delman,Comedy,moa5oFaqg1j9SV3KarsY
The Rookie,Warner Bros.,Clint Eastwood,Action,mqxwcqqHXHAxUtnk2Csf
Chattahoochee,Hemdale,Mick Jackson,Biography,myPhLF3cvH8ivIxM6PhH
Field of Dreams,Gordon Company,Phil Alden Robinson,Drama,n1ivqpsexhqbJJ7Aw5Ro
From the Hip,De Laurentiis Entertainment Group (DEG),Bob Clark,Comedy,n2LPxe21lhCN0Loz4okF
The Mighty Quinn,A&M; Films,Carl Schenkel,Action,n4LMqAN5Xc4lr0H8p9Mm
Man on Fire,7 Films Cinéma,Élie Chouraqui,Action,n6rz2SHvFBT9CIensHWE
Aria,Lightyear Entertainment,Robert Altman,Comedy,nFcApdWAES0w8IXwPcm8
Kindergarten Cop,Imagine Entertainment,Ivan Reitman,Comedy,nKnNjBgJvnVdo6NumVPf
Someone to Watch Over Me,Columbia Pictures Corporation,Ridley Scott,Crime,nQWAiwYZptmOHSjPc6qk
The Sicilian,Gladden Entertainment,Michael Cimino,Action,nXUQnTcklFj75Q7QEsRR
The Presidio,Paramount Pictures,Peter Hyams,Action,ndwGqmbp09tBA0zp8ds8
Leonard Part 6,Columbia Pictures,Paul Weiland,Action,nf03Ls7QqSxN4ei8d0Rb
Rumpelstiltskin,"Cannon Group, The",David Irving,Fantasy,nhrCcXyOEY8vrZQtmwG7
Maid to Order,Vista Organization,Amy Holden Jones,Fantasy,npPfzUKWNGbyiqUvHIb9
Big Top Pee-wee,Paramount Pictures,Randal Kleiser,Adventure,nt370CZ0Pu8TlVDn2rgF
Bye Bye Blues,Alberta Motion Picture Development Corporation,Anne Wheeler,Drama,o0S1Q1KrMl7k4BhrzHu5
Soul Man,Balcor Film Investors,Steve Miner,Comedy,o8B4EA73tm7pxvpsHhBJ
Family Business,TriStar Pictures,Sidney Lumet,Crime,oDFD7pKXTFplAq5Iz1Ze
Willy/Milly,Griffon Productions,Paul Schneider,Comedy,oFQAOWDkoHJ1AlmfKuXR
Problem Child,Universal Pictures,Dennis Dugan,Comedy,oImuPM1C6v9Qg7Y4YwTw
Nobody's Fool,Island Pictures,Evelyn Purcell,Comedy,oJsnYmxy1JwZ4peidaw9
The In Crowd,Force 10 Productions (I),Mark Rosenthal,Comedy,oi0szM6G0b7KgiTVStkc
Sea of Love,Universal Pictures,Harold Becker,Crime,onGN50qkSCA33C3coTqX
Belizaire the Cajun,Cote Blanche Productions,Glen Pitre,Drama,oppfcimnrLiIRwXPIiD8
Critters,New Line Cinema,Stephen Herek,Action,p43RCVzl3bhqhmq1e1tI
Three for the Road,Vista Organization,Bill Norton,Drama,p9jQg7zm1Q5Un4USe4Be
National Lampoon's Christmas Vacation,Warner Bros.,Jeremiah S. Chechik,Comedy,pEUAzYWEdlkVvfzvMjWl
*batteries not included,Universal Pictures,Matthew Robbins,Comedy,pFhxEC4sSP7Y9D6Oybob
Bad Dreams,No Frills Film Production,Andrew Fleming,Horror,pMKV7g3JLAWw46tyOX7G
Patty Hearst,Atlantic Entertainment Group,Paul Schrader,Biography,pUu0QAYisFUhM8pP0R8n
Driving Miss Daisy,"Zanuck Company, The",Bruce Beresford,Drama,pVBWHRB1xwSyBLSqBoi1
Skin Deep,Beco Films,Blake Edwards,Comedy,pVQMlnSOOaTxKBpsYFgh
The Adventures of Ford Fairlane,Twentieth Century Fox Film Corporation,Renny Harlin,Action,pWjjaGTAQBK8emdNQP9u
Major League,Mirage Enterprises,David S. Ward,Comedy,pdFXphU9Oft0gj7aQFZI
Biggles: Adventures in Time,Compact Yellowbill,John Hough,Adventure,poGlx0igkZxPpNoyzIk1
Stars and Bars,Columbia Pictures Corporation,Pat O'Connor,Comedy,ppRfWslqHWbDDvgrxR7U
Quicksilver,Columbia Pictures Corporation,Thomas Michael Donnelly,Crime,pq7S6p4whF5y0yj5rGD4
Time of the Gypsies,Forum Sarajevo,Emir Kusturica,Comedy,q0oYeSp9p3dkdNsQVDp9
Tapeheads,De Laurentiis Entertainment Group (DEG),Bill Fishman,Comedy,q22EDue9biZ06b6DxEVY
Siesta,Lorimar Motion Pictures,Mary Lambert,Drama,q4lxpuEG2Eckci9Eu6MF
1969,Atlantic Entertainment Group,Ernest Thompson,Drama,q9pQklRMiCsxyKHU0Df7
Armed and Dangerous,Columbia Pictures Corporation,Mark L. Lester,Action,qMXOO2Hdz6JCLFIAJPzX
Do the Right Thing,40 Acres & A Mule Filmworks,Spike Lee,Comedy,qP9FW6ROKwGXZeWvwfwb
Peggy Sue Got Married,TriStar Pictures,Francis Ford Coppola,Comedy,qTqjQ31dtHRzvdYEt1CH
Listen to Me,Weintraub Entertainment Group,Douglas Day Stewart,Drama,qU6yDovG477BwJ4aAJdv
The Fly II,Brooksfilms,Chris Walas,Horror,qkSb353YiobC1iuc6uZw
Burglar,Nelvana,Hugh Wilson,Comedy,qo1QxCG7SydCTrBVNnGz
Working Girls,Alternate Current,Lizzie Borden,Drama,qrKzRWe6xpE5XKef4QQz
The Killing Time,Tapestry Films,Rick King,Thriller,qtLPXy0BdycIpLTVZvG1
"Distant Voices, Still Lives",British Film Institute (BFI),Terence Davies,Drama,quSxaar2LuMwPeC3gPWI
The NeverEnding Story II: The Next Chapter,Warner Bros.,George Miller,Adventure,qv43LFeeMWMczOSZ9vYs
Night Visitor,Premiere Pictures Corporation,Rupert Hitzig,Horror,r1rPWoK4xbgSyXu5sRZp
Date with an Angel,De Laurentiis Entertainment Group (DEG),Tom McLoughlin,Comedy,r2VjuBHMCXYYdAUJnpt6
Big Business,Touchstone Pictures,Jim Abrahams,Comedy,r8HdPqV9bxFl7WsBAEe7
Braddock: Missing in Action III,"Cannon Group, The",Aaron Norris,Action,rBGCcWYf0TGwuJf8xQox
DuckTales the Movie: Treasure of the Lost Lamp,Disney Television Animation,Bob Hathcock,Animation,rJmEIyws52xmCceZ7Kf3
Permanent Record,Paramount Pictures,Marisa Silver,Drama,rOZ9mh140QZXhyTddB0q
Crack House,Not specified,Michael Fischa,Action,rTnKBJ2tGY0bq50xFvRs
Link,Cannon Screen Entertainment,Richard Franklin,Horror,rUazAViskiYNOAfzxY4n
Touch and Go,Kings Road Entertainment,Robert Mandel,Comedy,rVW066UHkxj0Z5eSwXU4
Phantasm II,Spacegate Productions,Don Coscarelli,Action,rZ1HDPGhJQMWTYfO0D57
The Serpent and the Rainbow,Universal Pictures,Wes Craven,Fantasy,rqUJ846jj7d7meZNcooV
The Hidden,Heron Communications,Jack Sholder,Action,ru7qE8plVtl4Rexr67J3
How to Get Ahead in Advertising,HandMade Films,Bruce Robinson,Comedy,ruA5A2M8PAgh32MhQtme
The Naked Cage,Cannon Group,Paul Nicholas,Drama,ryFSjHmmM2PHmITevBh0
Back to the Future Part II,Universal Pictures,Robert Zemeckis,Adventure,s5VZPQPkpuiMVqkQ6eL6
Stanley & Iris,Metro-Goldwyn-Mayer (MGM),Martin Ritt,Drama,sAkjFfeiPbtKiwDefiUg
Breaking In,"Samuel Goldwyn Company, The",Bill Forsyth,Adventure,sB2p2fvIYAo17UbrSA4N
Arachnophobia,Hollywood Pictures,Frank Marshall,Comedy,sB8xKneX5zDbIUJVTaDc
The Great Mouse Detective,Walt Disney Pictures,Ron Clements,Animation,sCsS9eI87S1gv0BIGuaV
River of Death,Breton Film Productions,Steve Carver,Adventure,sGkn1THyV4kzOUhEhMsV
The Chipmunk Adventure,Bagdasarian Productions,Janice Karman,Animation,sIwRqa82Pr7OKZkiTfJ5
Hardbodies 2,Chroma III Productions,Mark Griffiths,Comedy,sJwu6YMVjHQgB15i9jag
The Comfort of Strangers,Erre Produzioni,Paul Schrader,Drama,sMsIJtfQp3Sw4guLczMT
El verdugo de Nueva York,Reteitalia,Abel Ferrara,Crime,sMsztcuTDoARn7RgAKkZ
Lady in White,New Sky Communications Inc.,Frank LaLoggia,Fantasy,sT5qpnYA6AB403BhJkic
The Experts,Paramount Pictures,Dave Thomas,Comedy,sU3Tk2foIp3tpR8m59GY
Empire of the Sun,Amblin Entertainment,Steven Spielberg,Drama,sUQfw5NHo4D1NxgW1LDD
Hairspray,New Line Cinema,John Waters,Comedy,sYIGU5UHu6WHynlxLtjS
Close-Up,Kanoon,Abbas Kiarostami,Biography,smjS8JjEK7qAQjX7leYq
Henry: Portrait of a Serial Killer,Maljack Productions,John McNaughton,Biography,sqJLHuF5Zi58umTJbceE
Return of the Living Dead II,Lorimar Film Entertainment,Ken Wiederhorn,Comedy,sqK2kaUcCiPv4Jn8liSw
The Toxic Avenger Part III: The Last Temptation of Toxie,Troma Entertainment,Michael Herz,Action,szPigLy6zjKa8hwinb87
She's Having a Baby,Paramount Pictures,John Hughes,Comedy,t6kHC7FxyVf7REkMHp0e
Track 29,HandMade Films,Nicolas Roeg,Drama,tBh6bSNfk3nCI9g1sxVI
Old Gringo,Columbia Pictures Corporation,Luis Puenzo,Adventure,tDCzSDpnjF5jaqNtEAMx
Revenge of the Nerds II: Nerds in Paradise,Twentieth Century Fox Film Corporation,Joe Roth,Comedy,tInETSpxfQbM2vztCy84
Millennium,First Millenium Partnership,Michael Anderson,Drama,tKHfGkJf1QBKHuvPoHMP
The Horror Show,Sean S. Cunningham Films,James Isaac,Horror,tTV4x5Hs1jirqzthHeoM
Can't Buy Me Love,Apollo Pictures,Steve Rash,Comedy,tTVs7aAGEqbCMB2oBs4c
Las travesuras de una pelirojja,Columbia Pictures Corporation,Ken Annakin,Family,tV9Z1fezYu8mfpArOLq1
Manhunter,De Laurentiis Entertainment Group (DEG),Michael Mann,Crime,tVVsExxuUUbHrEicokap
Benji the Hunted,Embark Production,Joe Camp,Adventure,tX0CX03lwysYxbtwuJ1m
Little Monsters,Davis Entertainment,Richard Greenberg,Adventure,tZMe9tT9hLtKYnFK4JwX
Cry-Baby,Universal Pictures,John Waters,Comedy,tZWtsIvMkM46mAlViUCQ
Man Facing Southeast,Cinequanon,Eliseo Subiela,Drama,tb9WlAaNJfPQypqlB2yJ
Judgement in Berlin,Sheen/Greenblatt Productions,Leo Penn,Drama,tiWF4LQEnBoCyU37nFrt
Immediate Family,Columbia Pictures Corporation,Jonathan Kaplan,Drama,tiZvHe4JQFDJH1k0IjAw
Johnny Handsome,Carolco Pictures,Walter Hill,Crime,tjhLLdWXcEGnuiYtI3Us
Police Academy 3: Back in Training,Police Academy Productions,Jerry Paris,Comedy,tlYv74cs8QRCS7ejPVMb
Howard the Duck,Universal Pictures,Willard Huyck,Action,trbhnOhoy9mRuW400pNJ
Rooftops,Koch Company,Robert Wise,Action,tsTeHczSLQGcq7hUvsho
The War of the Roses,Twentieth Century Fox Film Corporation,Danny DeVito,Comedy,ttI2YhUexBXw0yLXRjWk
Wise Guys,Metro-Goldwyn-Mayer (MGM),Brian De Palma,Comedy,tuG3ypRXgq1Re9bXIar5
Fright Night Part 2,Vista Organization,Tommy Lee Wallace,Comedy,twl0VQoSv4rlFIxca5Cb
After Midnight,High Bar Productions,Jim Wheat,Horror,u2vnJtx1MI5ELn0m5zWc
Lean on Me,Norman Twain Productions,John G. Avildsen,Drama,u6IAIl3dj8S8Ycs5hhmF
The Living Daylights,Eon Productions,John Glen,Action,u6oS2MgqQfE6keUqF5eq
Henry & June,Universal Pictures,Philip Kaufman,Biography,uCsFMWul2bLqQyu10yZk
Always,Universal Pictures,Steven Spielberg,Fantasy,uEMVw821cScfWVx4rgKU
Hannah and Her Sisters,Orion Pictures,Woody Allen,Comedy,uH8nayT1PD50Ei8L4XZ8
Night of the Living Dead,21st Century Film Corporation,Tom Savini,Horror,uQYBdeZr30sRgWxlkWq7
Eight Men Out,Orion Pictures,John Sayles,Drama,uatFdvA4y1XJawQJcC9W
The Pick-up Artist,Amercent Films,James Toback,Comedy,ucxkHBxi8BI4IDVn4L3g
Short Circuit,TriStar Pictures,John Badham,Comedy,ups5EHSqF68m2cjYEcYQ
Fatal Beauty,Metro-Goldwyn-Mayer (MGM),Tom Holland,Action,uqcx0qqUk262igGpbwR2
18 Again!,New World Entertainment Films,Paul Flaherty,Comedy,uvZ2H9PoIsK9yHfTGq7z
The Last Emperor,Recorded Picture Company (RPC),Bernardo Bertolucci,Biography,uwBdm026vhRWsAIH2kIA
The Grand Highway,Flach Film,Jean-Loup Hubert,Drama,v0gvfs7uzUD2iJbtDHpy
A Summer Story,Incorporated Television Company (ITC),Piers Haggard,Drama,v7PtW3CuMhfqvElbzoQ0
Maniac Cop,Shapiro-Glickenhaus Entertainment,William Lustig,Action,v9MesrtQarP0VUFkN7We
The Clan of the Cave Bear,Warner Bros.,Michael Chapman,Adventure,vCUak7lqMaKnLJOiggQU
Real Men,United Artists,Dennis Feldman,Action,vL1IbqL8Ru5jHepDG5Z5
Dark Obsession,Film Four International,Nick Broomfield,Drama,vMfM4kvv5RkEjL3DpAl5
For Keeps?,TriStar Pictures,John G. Avildsen,Comedy,vQDZVFDWz2sOt5ZOrGhb
Hamlet,Canal+,Franco Zeffirelli,Drama,vRA9XulLL5ErGAbZOhgJ
The Wraith,New Century Entertainment Corporation,Mike Marvin,Action,vWCR97EFXeuaKA21XngC
The Squeeze,TriStar Pictures,Roger Young,Action,vZCjWKXT3fIBPEvqRZTj
Ironweed,Home Box Office (HBO),Hector Babenco,Drama,vc4z3MN7zOqXcXxfEZHF
Child's Play,United Artists,Tom Holland,Horror,vkcKrAT6izoJJ72L0NPa
Reversal of Fortune,Sovereign Pictures,Barbet Schroeder,Biography,vlcsOBsY6RfmaQyOdgir
Thunder Run,Lynn-Davis Productions,Gary Hudson,Action,vpEruB4AEYhnTiOShWpS
Stand by Me,Columbia Pictures Corporation,Rob Reiner,Adventure,vtwstBZiwywAvrU9CPNR
Clockwise,Thorn EMI Screen Entertainment,Christopher Morahan,Comedy,w5kSEV2lkwKQgAJrYP3Q
Labyrinth,Henson Associates (HA),Jim Henson,Adventure,w73M2HZZMQrmqxWiJ76a
Cookie,Lorimar Film Entertainment,Susan Seidelman,Comedy,wDrEloGVykgLFRdSBtVY
Mo' Better Blues,Universal Pictures,Spike Lee,Drama,wGPl8dAUYugH7c9ljaGN
Willow,Metro-Goldwyn-Mayer (MGM),Ron Howard,Action,wJZXDKzTHrNXvmBwMBWj
Mississippi Burning,Orion Pictures,Alan Parker,Crime,wJfbO4i1Mn06LJeBuggq
The Blob,TriStar Pictures,Chuck Russell,Horror,wP1VOsCUaT3dWPmBxkz0
Next of Kin,Lorimar Film Entertainment,John Irvin,Action,wQsob0lvSjD0o0reSMd5
House of Games,Filmhaus,David Mamet,Crime,wUk4aLAYAQNBWlP8pT9x
Back to the Beach,Paramount Pictures,Lyndall Hobbs,Comedy,weBiZrciws13KEKE7oa7
RoboCop 2,Orion Pictures,Irvin Kershner,Action,wkCMnCVdrnZi6jkZmarm
The Beast of War,A&M; Films,Kevin Reynolds,War,wkXs1LFP3RkILAK8yow5
The House on Carroll Street,Orion Pictures,Peter Yates,Thriller,wm8ji4hdkxXoc1obhV7J
Leatherface: Texas Chainsaw Massacre III,Nicolas Entertainment,Jeff Burr,Horror,x1lGneBu8ukORIoBMLte
Dead of Winter,Metro-Goldwyn-Mayer (MGM),Arthur Penn,Drama,x51GwTos9FdSPAsWxDNb
Cyclone,Cinetel Films,Fred Olen Ray,Action,xKagcCM3ayosKaHGRKFq
Pulse,Aspen Film Society,Paul Golding,Horror,xNc7iFFGJNfihprHmVFU
Oliver & Company,Walt Disney Feature Animation,George Scribner,Animation,xOdUXlhslWgBhRCOy1mU
Enemy Territory,Millennial,Peter Manoogian,Action,xPaoj9XcTX23T5wjb6aE
Cry Freedom,Universal Pictures,Richard Attenborough,Biography,xPwk5k29LAl37MGAI4bn
The Manhattan Project,Gladden Entertainment,Marshall Brickman,Sci-Fi,xQzARUHYrhTXpP1ZSCOs
"Sex, Lies, and Videotape",Outlaw Productions (I),Steven Soderbergh,Drama,xaikg46Ys71lyMYWy7Oi
Assassination,Golan-Globus Productions,Peter R. Hunt,Action,xcvijhbPo5b6D0xx2vsh
Running Scared,Metro-Goldwyn-Mayer (MGM),Peter Hyams,Action,xkOLiAZF8KC8HmZPbrIR
Dreams,Warner Bros.,Akira Kurosawa,Drama,xlAc1oAGdtyytL8PsPIx
52 Pick-Up,Cannon Group,John Frankenheimer,Crime,xndhARCNKMpwZBMlRCte
The Lemon Sisters,Lightyear Entertainment,Joyce Chopra,Comedy,xu17bgt0sqZ43UF5zrBg
Edward Scissorhands,Twentieth Century Fox Film Corporation,Tim Burton,Drama,xxzIdKbQksX0aMG7Xnlx
A Month in the Country,Channel Four Films,Pat O'Connor,Drama,xzIhm119ED65zQJlEiU6
Deadly Friend,Warner Bros.,Wes Craven,Drama,y0NLNWwmv1aU1SFY5vgN
Moving,Warner Bros.,Alan Metter,Comedy,y7iOgRbdqLwolbPzgts7
Green Card,Touchstone Pictures,Peter Weir,Comedy,yCptfnc6NbuVQ2agWY8i
The Decline of the American Empire,Corporation Image M & M,Denys Arcand,Comedy,yCtLTdWhXdGHsMtDHeuH
Violent Cop,Bandai Media Department,Takeshi Kitano,Action,yFkIDRsbW31wmxkGS5I8
House Party,"Hudlin Brothers, The",Reginald Hudlin,Comedy,yHXfI8EuH7d5rFafamfX
Hard to Kill,Warner Bros.,Bruce Malmuth,Action,yIQe6L0KpYOWoXg96KQd
Akira,Akira Committee Company Ltd.,Katsuhiro Ôtomo,Animation,yL4elF54hC2uCl3Ahywt
The Wrong Guys,Not specified,Danny Bilson,Comedy,yLgOfhTMW1QQQaTGX3yd
American Ninja 2: The Confrontation,Cannon Group,Sam Firstenberg,Action,yONLsLqwMrUVPz12qxem
The Allnighter,Aurora Productions LLC,Tamar Simon Hoffs,Comedy,ySkNRQFIHSItOWODttQn
The Name of the Rose,Neue Constantin Film,Jean-Jacques Annaud,Crime,yTk9cN2DxDbeaer2TDsv
Spaceballs,Brooksfilms,Mel Brooks,Adventure,yWLxjE23oHlFfEUDsDzU
Heart of Dixie,Not specified,Martin Davidson,Drama,yeQmv0bwZgFSbloiYLsb
Pink Cadillac,Malpaso Productions,Buddy Van Horn,Action,ykQIdOrpjmS0nRfb8zbc
Gothic,Virgin Vision,Ken Russell,Horror,yr2ixWzjj9i5aICqJk5Q
Castaway,Cannon Screen Entertainment,Nicolas Roeg,Adventure,ysRXOcSJU5sc4bmHhbrO
Tin Men,Bandai Films,Barry Levinson,Comedy,yuep59cnu3Gl6M4iucim
Rampage,De Laurentiis Entertainment Group (DEG),William Friedkin,Drama,zCUIn7MK14qOJeEnjciC
Mauvais Sang,Les Films Plain Chant,Leos Carax,Crime,zNGOlvIguqCxacB6H8wz
Jacob's Ladder,Carolco Pictures,Adrian Lyne,Drama,zTmGZbRo7Wihl31TAhG4
Lord of the Flies,Castle Rock Entertainment,Harry Hook,Adventure,zTr55NWqBAQJHTLRGAk6
Radio Days,Orion Pictures,Woody Allen,Comedy,zY1CiJ9OuKz3D5QnX5wq
Angel Heart,Carolco International N.V.,Alan Parker,Horror,zb1SHPwZWuBjrS9uRCRc
Predator,Amercent Films,John McTiernan,Action,zb2H0ZSbQASwNzLeFtl1
The Godfather: Part III,Paramount Pictures,Francis Ford Coppola,Crime,ziHSH213afSEqqoCrLO0
